5,"July 17, 2018", So fun and helpful when doing my ads for my Tupperware business.
5,"July 18, 2018", Fun app!
2,"June 30, 2018"," It was great, lovely app until suddenly it was just loading. I can't 
anymore use ""effects"" on my pictures, and when I try to go to ""feedback & 
support"": same thing there! It is just loading and loading. Why doesn't it 
work anymore? I've tried to restart the app, to uninstall and install it 
multi...Full ReviewIt was great, lovely app until suddenly it was just loading. I can't 
anymore use ""effects"" on my pictures, and when I try to go to ""feedback & 
support"": same thing there! It is just loading and loading. Why doesn't it 
work anymore? I've tried to restart the app, to uninstall and install it 
multiple times to no avail. Please answer me here since I can't reach you 
on client support."
5,"July 1, 2018"," Best photo editing app ever!!! You can do a lot. You can even make photos, 
collages, fix photos, beautify them and loads more!! My only complaint is 
that the stickers should be free. What is the point of downloading a free 
app that does not have free stickers. They are just stickers. They must be...Full ReviewBest photo editing app ever!!! You can do a lot. You can even make photos, 
collages, fix photos, beautify them and loads more!! My only complaint is 
that the stickers should be free. What is the point of downloading a free 
app that does not have free stickers. They are just stickers. They must be 
free. I am really hoping that in the next update, it wil be free. 
Otherwise, I am loving this app so much!"
4,"June 27, 2018"," This app is great and very user friendly. I use it almost daily for work 
flyers and announcements. It would be really nice if some additional fonts 
could be added to add some variety. Also make it possible for Android users 
to make photos circles like IOS is able to."
1,"July 6, 2018"," Very annoying ad every time you save your creation. I would look for 
another one with less annoying ads. **7/6Developer responded and ignore 
what I said as well as other people about obnoxious ads. So I guess they 
want or annoy you til you pay them. Or, I can use another app that doesn't 
have ob...Full ReviewVery annoying ad every time you save your creation. I would look for 
another one with less annoying ads. **7/6Developer responded and ignore 
what I said as well as other people about obnoxious ads. So I guess they 
want or annoy you til you pay them. Or, I can use another app that doesn't 
have obnoxious ads."
5,"July 7, 2018"," I absolutely, indefinitely love this app. Very easy to use, and very 
cooperative. I would recommend to about 99% of the world. Great quality and 
few ads. You can do grid and text with multiple fonts. You can also do a 
background, and of you have an android, you can set this app as your 
daydream ...Full ReviewI absolutely, indefinitely love this app. Very easy to use, and very 
cooperative. I would recommend to about 99% of the world. Great quality and 
few ads. You can do grid and text with multiple fonts. You can also do a 
background, and of you have an android, you can set this app as your 
daydream seeing. Daydream is your screensaver. (;"
5,"July 13, 2018"," I love this app, I think that it is so fun and that you can put things from 
pic collage to Instagram. The only thing that I don't like is that you have 
to pay for some of the stickers, but other than that it is all good! üòÅ"
4,"July 8, 2018"," Good but because of the new glitch me and others are experiencing. I can no 
longer add effects because once I press done it goes to endless saving. 
I've already emailed you about this and I'm disappointed that you have not 
fixed it yet. For such a simple bug you would thing the Dev team would fix...Full ReviewGood but because of the new glitch me and others are experiencing. I can no 
longer add effects because once I press done it goes to endless saving. 
I've already emailed you about this and I'm disappointed that you have not 
fixed it yet. For such a simple bug you would thing the Dev team would fix 
it ASAP. Unfortunately that didn't happen and as a result my business is 
really suffering. Please fix it. Don't reply giving me your email because I 
know it and I've sent you all info you need including photo evidence."
1,"July 13, 2018"," They do not warn you that purchases made from apple to andriod can not be 
restored. Then they promise a refund only if you have the transaction 
numbers that they sent in an email i erased because they do not warn you 
that these purchases can't be restored. Yes it was just five dollars but as 
a m...Full ReviewThey do not warn you that purchases made from apple to andriod can not be 
restored. Then they promise a refund only if you have the transaction 
numbers that they sent in an email i erased because they do not warn you 
that these purchases can't be restored. Yes it was just five dollars but as 
a mom of two and a loving wife $5 is all i have for myself at times. That 
being said this iw one of the best and coolest apps i have found for memory 
keeping. Totally get this app just know if your buy with one ios system you 
can not restore thoses items on another ios system such as buying on an 
apple phone but wanting to also use those items on a andriod computer or 
tablet that wont be possible. You will have to qlwo buy them on that device 
because it's a different ios system. But they don't bother to let their 
customers of this so i am because that's whay a considerate person would 
do. Take note pic collage its called consideration."
3,"July 2, 2018"," It would better if you could cutout photos as easily as the iOS users are 
able to...apparently they just circle an object ans it cuts it out for 
them. On my Android, however, I have to sit here forever and meticulously 
trace careful not to mess up, otherwise I'll have to start over"
4,"July 14, 2018"," I love creating with the app! It is challenging tho when I create pictures 
and then they disappear because I tap the screen and then have to start all 
over. The free backgrounds could use some updating. Other than that, I love 
the app."
3,"July 16, 2018"," I made a purchase for the Summer backgrounds Paid $2.99 and the backrounds 
are still locked. I also hate that you cant crop photos"
5,"July 14, 2018"," I can't believe how unbelievably easy this app is to use. I am 
tech-challenged and I just made the coolest little collage in a minute to 
look exactly how I wanted. The app automatically adjusted the type of 
collage format I had chosen to do what I wanted. Thank you for making this 
so easy and in...Full ReviewI can't believe how unbelievably easy this app is to use. I am 
tech-challenged and I just made the coolest little collage in a minute to 
look exactly how I wanted. The app automatically adjusted the type of 
collage format I had chosen to do what I wanted. Thank you for making this 
so easy and intuitive!"
4,"July 1, 2018"," I would like it if there was more of a sticker choice for people who don't 
want to use money Also I would have liked if you could add more templates 
and also in the pictures above that show you what the app is like it says 
you can draw to cut things out but there is not an option to do that and i...Full ReviewI would like it if there was more of a sticker choice for people who don't 
want to use money Also I would have liked if you could add more templates 
and also in the pictures above that show you what the app is like it says 
you can draw to cut things out but there is not an option to do that and if 
there is it isn't clear at all but apart from that it definitely makes 
great profile pics for WhatsApp."
1,"July 6, 2018"," At first it was good but then i couldnt even type anything for the web 
search and the stickers are soooooooooooooo[oooooooooooo expensive, i mean 
like comeon 2.99 for some cheap ,not even useable in real life, stickers. 
So dont waste your time on this"
5,"June 26, 2018"," one of d best app.I love it very much I always use it it's very easy its 
fun and cute one suggestion pls get rid of the lines between photos for 
example 2 photos would be nice if I could join them together with out lines 
between them so it looks like 1 photo only with 2 people in it thank you 
fo...Full Reviewone of d best app.I love it very much I always use it it's very easy its 
fun and cute one suggestion pls get rid of the lines between photos for 
example 2 photos would be nice if I could join them together with out lines 
between them so it looks like 1 photo only with 2 people in it thank you 
for being here I appreciated it very much..keep up the great work all d 
best Michelle"
1,"July 7, 2018"," Not appearing on the family library after the purchase. Was led to believe 
it would. Not happy."
4,"June 28, 2018"," It's a great collage app! The only thing I do not like is the limited 
amount of collage styles. I wish we could customize the collage frame."
4,"July 1, 2018"," App is good but it erased all of my slides that I built over time for my 
vision board. I don't know what happened. However, when it works well, the 
app is great."
5,"July 16, 2018"," It keeps saying ""Pic Collage stops working and then the work I was working 
on disappeared! But it is good for fansigns."
5,"July 1, 2018"," Love doing pic collage. But the app has changed so you can't edit the 
collage once you have saved it. I have to start the whole collage all over."
3,"July 3, 2018"," I adore this app! However the last few weeks it just keeps showing a 
loading symbol every time I try to crop or edit picture so it means it's 
completely in useable :( please please fix this glitch!! Thanks"
5,"July 4, 2018"," I use it to create pic collages for my daughters monthly milestones & it's 
great. I wish they had a few more options on editing photos as in the 
cropping or even darkening the edges but it's still great."
4,"July 7, 2018"," Amazing! It's very easy, you can get one, like, already made or create your 
own! I absolutely ‚ù§ the stickers too , but there is not many wintery ones."
1,"July 1, 2018"," App closes in the middle of editing and won't open again. Also, wont allow 
you to sign in so you can download filters"
2,"July 1, 2018"," You can have ads, but making people watch a full 30s is a no no. A lot of 
30s of my life is wasted, including typing this review, I normally do not 
write reviews but this have annoyed me enough."
5,"June 29, 2018"," This app is so fun! But to make ot funer... Swipe down or tap more options 
and log in. Than create your own profile, and share your wonderful creations"
5,"July 12, 2018"," Everyone has their own opinions but mine is that this app is wonderful you 
may think it is bad but I think it is amazing it is fun and pretty and I 
could not ask for moreüòÉ But it is ok if you think different cause nobody 
always has the same opinion"
5,"July 8, 2018"," Love making collages with this! As many pictures as you want, nice 
backgrounds (can even use their search from the web), and you can also type 
up anything no matter how long (they have a couple different fonts too)! 
Easy and fun :)"
5,"July 18, 2018"," I really enjoy using this app I use it all the time. And I will continue to 
use your app. I like all the different things you can do to create a 
collage. Thank you. üòâ"
5,"July 11, 2018"," I play with this app at school and I decided to get at home on my tablet. 
IT'S REALLY GOOD! The stickers are a good to and it helps me make my 
posters and other things... THANK YOU SO MUCH!"
3,"July 10, 2018"," The app does its job, I don't use it that often. But the stupid pop up 
notifications it gives you almost every day are annoying enough for me to 
uninstall the app."
5,"July 3, 2018"," I love this app because it's easy to use. I use this app to make 
wallpapers, Instagram edits, and collages of my favorite things/people."
4,"July 8, 2018"," I love the app ! But there's one down side it takes up so much Data! And 
theres not many bsckrounds to choose from becsuse you have to buy them. 
Same as the stickers You have to purches them. But apart from that i love 
the app."
2,"July 6, 2018"," used to work fine, now despite uninstalling and reinstalling I still can't 
get the Effects to work - disappointed as I really love this app and I'm 
sad that since its broke I can't use it properly"
5,"July 4, 2018"," It is AMAZING my mom had it. I messed around on hers and LOVED it! I just 
had to get it. :)"
2,"July 3, 2018"," It's OK at first but you have to pay for the stickers and you only get a 
few lame backgrounds they need to up there game üò†"
3,"June 26, 2018", I don't understand why there is a white box around the pictures...
5,"July 5, 2018"," Love it! Its awesome. The only thing missing is being able to put in png 
images without a faded layer behind them."
5,"July 2, 2018"," I use this app for many things such as making wallpapers for my phone and 
just making collages for other things."
5,"July 10, 2018"," This is not the apps fault but I forgot to sign in on my old account and I 
had to factory reset my tablet so I lost everything...... But I love this 
app sm and I'm glad I downloaded it again xoxo,KeeleyMarie"
5,"June 30, 2018"," It's amazing, its great being able to see others, gives me inspiration... 
And ya.. so it's great"
4,"July 9, 2018"," this app is awsome! I love it and my faverout thing is like putting hats on 
things and its really fun. GREAT GAMEüòäüòäüòä"
5,"June 28, 2018", This is ONLY photo editing/collage making app I use. Love it!
4,"July 6, 2018"," Fantastic app! Are you guys able to add a search bar too the stickers so we 
can more easily find the sticker your we are looking for? Thanks for your 
hard work!"
5,"June 30, 2018"," I luv it i have it on my ipad and i downloading it on my phone so i can 
make profile pictures and lovly backgrounds"
4,"July 9, 2018"," Real fun only i wish u could use more Fonts cos like seriously the font 
range is super limited"
5,"June 27, 2018"," This i great but my little sister deleted the app, i download it again and 
logged in but all my collages were gone. Is there anyway of getting them 
back?"
5,"June 26, 2018"," I think.it a really good app because if it someones bday u just can send 
them a pic collage"
2,"July 6, 2018"," It is a great app if they fix the loading problem...Every time it happens i 
have to uninstall it and then install it again and after that it will work 
fine for few days and then the same problem...Please FIX THIS PROBLEM...I 
really like Pic collageüò∑üò∑"
4,"July 9, 2018"," Great app BUT can't get 4x6 photo size on my galaxy s8. Tried changing 
between the 3 sizes but none are the standard print size"
5,"July 2, 2018", Ive been using this app for almost 5 years now and i love it so much
5,"June 27, 2018"," I love this app it's so amazing you can just take photos and put them on 
pic collage! I love it!!!!"
5,"July 1, 2018"," I love this app. I have created loads of cards and presents that people 
love! I would definitely recommend this app!"
2,"July 10, 2018"," Likes this app untill recently I don't know if it's the privacy laws 
changing but can't access all my photo albums now so it's kind of redundant"
5,"July 4, 2018"," I love this app it helps me make the perfect collage for friends and family 
hope you guys love it as much as I do"
3,"June 28, 2018"," Ads every collage, not much customality on user interface. Good for quick, 
simple collages without text."
5,"July 2, 2018"," I really like pic collage because you van do anything on it but the only 
problem is that u need to pay for the sticker"
3,"July 6, 2018"," It was a good app but when I saved my collages to my gallery some of the 
photos went black. I give this a 5/10"
5,"June 28, 2018"," I love this app for making up posters. And all types of cards and event 
notices. Easy to use"
4,"June 28, 2018"," Easy to use. Can use as many pics as you want. If you pay for full version 
then u can use everything but if not yr limited to few selections."
5,"July 17, 2018"," This is the best collage maker ever!thanks to this apps maker my phone 
wallpaper looks awesome!!üíü This app is amazing to show off your style 
pictures üíó;-)"
5,"July 14, 2018"," This app helps me get all lot of things done and provide my loved ones with 
personalised cards on special events"
5,"July 2, 2018"," This app is amazing helps me create eye catching images, very easy to use!"
4,"July 4, 2018"," This is a great app to use for making collages though I think it would be a 
bit better if the app provided more backrounds for different occasions for 
free."
5,"July 2, 2018"," This app is great! I have made backgrounds, youtube thumbnails, and party 
invites. Amazing!"
3,"July 16, 2018", Ap keeps freezing up and booting me off.
5,"June 27, 2018"," It's GREAT for making edits. I have a wattpas account, and I make story 
covers on it ( my account is @strangerthings67) And it's super easy!!!"
5,"July 12, 2018"," I love this app! It's so easy to use you can cut out pictures and after 
your done it saves your work too!"
5,"June 28, 2018"," I absolutely loved pic collage because it gets me creative and so that is 
why I love pic collage"
5,"June 26, 2018"," I use it to make Facebook posters. Its really easy to use. It gives you 
lost of background options, because it lets you search on the internet. 
Fonts are nice. I really like it."
4,"July 1, 2018"," Like the app, and there was no Happy Canada Day cards!!!"
5,"June 27, 2018"," I absolutely love this app so much. I have recommended this app to so many 
people already. I recommend it to you too."
3,"July 5, 2018"," So far I've had it for 5 min and I already got 2 12 sec videos as ads in 
the middle of saving my 1 picture... üòï"
5,"July 9, 2018"," OMG I LOVE THIS APP‚ù§‚ù§‚ù§ but the doodle is hard to work with and cut is now 
bad because you cant straight cut... otherwise üëåüëçüòãüòç"
1,"July 14, 2018", I cuts to much of pics making it useless and usless!!!
3,"July 7, 2018", Annoyed you can't stop push notifications
5,"July 15, 2018"," Pic. Collage is AMAZING! I love it because you can do anything... you can 
make yourself fly, you can stand on the moon... there's nothing you can't 
do!üòç"
5,"July 3, 2018"," I think, guys, you have done very good job on it. Very easy to use, options 
are easy, collages cards.it is absolutely what I need! Thank you!‚ù§"
5,"June 26, 2018"," Love this app. Simple and very user-friendly. They give many options even 
for free."
4,"July 1, 2018", It's a pretty good app for making backgrounds for musical.ly and youtube‚ô•
5,"June 28, 2018", Love this app! It has helped so much with my Direct Sales company!
5,"July 16, 2018"," Love this app! I make all my birthday cards on here and people love them. 
Allows you to be really creative!"
4,"July 16, 2018"," I like that you can move stuff around, size it, and layer it if needed! I 
use this on PC version and like it too."
5,"July 8, 2018"," Love this app helps the people who aren't as savy as most put n words and 
make it fun. Thanks"
3,"July 15, 2018"," Works fine. A lot of ads. Every collage you create will have a Pic ‚Ä¢ 
Collage stamp in the corner fyi"
4,"July 7, 2018"," Amazing! I love making collages, sharing with family and submitting 
collages for contests! I do wish all if the stickers were available"
4,"July 2, 2018", This is a dumb app don't download it
5,"July 12, 2018"," This app helped me make a album that was really hard to do on my own and 
the controls are really simple :)"
5,"June 30, 2018"," Loved it! I wanted to make a collage for my phone background and this 
worked beautifully!"
5,"July 11, 2018"," The one app I must have in my mobile device üòÑ I have used this app since I 
was little, and it was NEVER failed me. Thank you for this great app 
developers!!!!!!!"
5,"July 9, 2018"," I love how it allows me to make cards with captured memories to recent 
datesüòç. Thank you pic collage!"
5,"July 2, 2018", When we get iPads in school I GO ON PIC COLLAGE !
5,"July 7, 2018"," I used the free version of this app. I loved it so much I bought it. After 
sharing my pictures using this app I noticed there are more people using it."
5,"June 28, 2018", It is really good if you want your photos to be much better
5,"June 30, 2018"," I LIVE PIC COLLAGE! I made a collage of my dog, and I am literally in love 
with how it turned out."
4,"July 2, 2018"," I like pic collage but when i try to comment it doesnt let me it only lets 
me remix and it gets annoying"
5,"June 26, 2018", Makes it so much easier for me to save room on my phone!
5,"July 2, 2018"," I love this app it's just the best make sure to subscribe to 
moonlightjordyn üòäüòä"
5,"July 1, 2018", Love everything you offer. Can you please add baseball themes?
1,"July 17, 2018", Too much pop up advertisements
5,"June 29, 2018", Love it! Easy to use and really nice options on the free version.
4,"July 13, 2018", Its a VERY GREAT app but you have to pay for things on it like noooüòåüò£
5,"June 30, 2018", I've never had a bad turn out with the programs I use on the app
5,"July 1, 2018", Very easy and fun to use. Good printing quality and quite versatile.
5,"July 1, 2018", I like this app because you can use your imagination
5,"July 14, 2018"," It is one of the best apps I've ever had! My daughter is always on my phone 
onthis app!"
5,"June 30, 2018", Great app that you can arrange pictures positions our own ...
5,"July 12, 2018"," One thing I love about this app is its not fake and totally the best 
collage app ever."
5,"July 18, 2018"," my mate uses it to do his YouTube thumbnails if you wanna know his channel 
is Gold Pad Gamer"
5,"June 28, 2018", love it I've made amazing birthday cards on itüòÅüòÄüòÑüôÇ
5,"July 5, 2018"," First time an Im starting to get a hang of it , I really love . Best app 
ever üòä‚ò∫"
5,"June 27, 2018", Good app. Just wish I could do more in it
5,"July 17, 2018"," Like it but it would be better to have one pro price,than many different 
prices packages."
5,"June 28, 2018", Awesome app...love it heaps...gives my photo's and collages that edge
5,"July 6, 2018"," Fabulous app! I love it. I use it more often now with all the new cards and 
editing options..."
5,"June 27, 2018", Love this App it's My Go To!!
5,"June 26, 2018", Best photo app I've seen so far!
5,"June 28, 2018", It is simple to use and I love making picture collages
5,"July 1, 2018", THE best picture collage I ever used!
4,"July 10, 2018", My go to editing app but takes up quite amount of storage
5,"July 1, 2018", Easy to use!
5,"July 17, 2018", Love this app! Its fun and easy to use. The images come out super cute!
5,"July 4, 2018"," Easy to use, nice variety of frames/ settings."
5,"June 27, 2018", Fun and easy to use even with just the free features.
2,"July 15, 2018"," Better on iPhone. Can't make text go to one side instead of being in the 
middle margin"
4,"June 27, 2018", Cute free flames for card s
1,"July 9, 2018", does not work at all
5,"July 11, 2018"," I love this app cause i can make an amazing collage with myself and all of 
my favourite people in itüíìüíì"
5,"June 29, 2018"," Love it! Very user-friendly, so easy to use !! üôÇüôÇüëçüëçüëèüëè"
4,"June 27, 2018", Works for what I needed. Easy to use. Cute theme options.
5,"July 12, 2018"," Pic collage is great!! I use it a lot for my posts, a new theme or even my 
wallpaper backgrounds!"
5,"July 13, 2018"," Still loving this app and all the variations. Recommended by me! I love the 
updates!üíö"
5,"July 12, 2018", I truly enjoy using this app. It turns pics into long lasting memories..
5,"June 27, 2018", Simply and easy to use great results every time
1,"July 13, 2018"," Said not sure to anything because it crashes everytime I try to select an 
album or a picture."
5,"July 17, 2018"," Yes, it is a very good app. We can do anything we want to. Everyone should 
download this app."
5,"June 27, 2018"," Love it, great for designing little pages of info"
5,"June 30, 2018", I think it's good to make fun pictures
5,"July 13, 2018"," I think this app is great just add some more fantastic features it will be 
the best.."
4,"July 7, 2018", I love this app!üòç‚ù§
5,"June 27, 2018", Does everything i wanted it to do.
4,"June 27, 2018", I like it just needs a crop option
5,"July 2, 2018", I like making my anime pics.
4,"July 3, 2018"," I like, but wish I could get frames on demand."
5,"July 2, 2018", Love it! It's so much fun.
5,"July 2, 2018"," I have had PicCollage for under a year but use it for wallpapers and making 
photo edits"
3,"July 12, 2018", I wish there was more photo editor options
5,"July 15, 2018"," Great App. So many options for photos. You can be so creative with your 
pictures"
5,"June 29, 2018", I use this app for my backgrounds on my devices
5,"July 1, 2018", Great quality and content. I love it!!
5,"June 26, 2018", awesome and very easy to use:)
5,"June 26, 2018", Possibly the best app I have for editing
5,"June 28, 2018", Very easy to use and many templates!
4,"June 29, 2018", Its fun cool withart with my picture
5,"July 15, 2018", very easy to use the only collage maker i have kept using LOvE IT!
5,"June 29, 2018", I love every thing in this app
5,"July 3, 2018"," I use this to make collages for birthdays mums day etc and love it find it 
adaptable and easy to use"
5,"July 4, 2018", It's a really fun app to use!!
5,"July 13, 2018"," I like this the should work with. Snapchat because now we can decorate the 
pictures"
3,"July 18, 2018", This app is pretty good it's just so stupid
5,"July 12, 2018", I think its s great and fun app and a creative way of making collages.
5,"July 5, 2018"," This is an amazing app. I can create collages super easily. This app should 
be rated 5.0"
5,"July 1, 2018", Where are the stickers I have downloaded?
5,"June 28, 2018", Its amazing and is really useful! üòÄ
5,"July 17, 2018", There's nothing that I don't like about this app.
3,"July 2, 2018", Had old version. üòôüòôüòôüòöüòöüòçüòç New version. Idk how good
5,"July 6, 2018", I think it make all locked background free to give you more options
5,"July 14, 2018", I love this app it helps me to make my photos more creative and fun
1,"July 4, 2018", Well its good but i think they should make more backgrounds for the game
5,"June 27, 2018", Nice but not so useful app
5,"June 30, 2018", I lUV this app!!
5,"July 9, 2018", Great Great Fun App The best app I have ever... Thank you.
5,"July 8, 2018", Help me a lot for my posting
5,"June 26, 2018", Love this app it's so useful!!
4,"July 13, 2018", Easy to use. Not a fan of the pop ups but it does a great job
5,"July 1, 2018", Hi i loved it so much
5,"July 2, 2018", Love it let's me put pictures together that I would like ‚ù§‚ù§xx
5,"June 29, 2018", So great for my business!
5,"July 1, 2018", Love it and so easy to use!
5,"July 7, 2018", I love this app I can make these and send them on my snap !
5,"June 27, 2018", Fun way to combine Art with Pictures
5,"June 27, 2018", My friend a and I love this app
5,"July 1, 2018", Good but needs more inspires
5,"July 3, 2018", Love this app brilliant for ebay selling
3,"July 13, 2018", It is a good app but the iPad version is better because of the cutting help
5,"July 11, 2018"," I love the app it is great for editing photos and making really cute 
pictures"
4,"July 5, 2018", Not bad but not all pics can fit
5,"July 8, 2018", My favorite of every app I've tried... And I've tried almost ALL of them!!
5,"July 10, 2018", I like it. It works better then other edit apps :))
5,"June 28, 2018"," Great app, would recommend"
5,"July 6, 2018", This was the best app I have ever used I really recommend it to you
5,"July 16, 2018", Use this app all the time
1,"July 14, 2018", Every click there was an add
5,"June 30, 2018", Absolutely love this app! üòãüòãüòò
5,"June 29, 2018"," Great, easy to use!"
1,"July 17, 2018", This app is cancer in app form
5,"July 17, 2018"," THIS IS THE BEST!! I was SO surprised at what this app could do this app is 
SO worth it!!‚ù§‚ù§‚ù§"
4,"June 30, 2018", So far so good ‚ô°
5,"July 5, 2018", This is so great for like scape booking without the mess LOL
5,"July 4, 2018", Love it is so cool it let me take something and turn it to amazing
4,"July 10, 2018", This is a good app because you can make lovely collages
5,"July 17, 2018", I love it you can do so much its crazy
5,"July 11, 2018", Great app easy to use. Simple and straight to the point. I like it
4,"July 2, 2018", This is a great app just it could have a few changes to it
4,"July 4, 2018", It's awesome to combine cute pics and add captions and backrounds!!
5,"June 28, 2018", Fun to use!
5,"July 11, 2018", Like the simpleness to it. And try to keep dates of pics together
5,"July 3, 2018", Love this app. Use it for all special occasions to create collages.üôÇ
5,"July 14, 2018", This is so fun to show off my pictures in style.
5,"July 17, 2018", Gut gemacht!
5,"July 1, 2018", Cant wait to explore
5,"July 6, 2018", Issa naice guod
4,"July 13, 2018", Need more fonts
5,"June 29, 2018", STILL LOVING IT!!!
5,"July 7, 2018", this is a really good app and I would suggest that you download this app
5,"July 8, 2018", I love it best thing ever
4,"July 18, 2018", You have to buy pictures but the rest of it is awesomeüòΩ
1,"June 30, 2018", Ads ads ads everywhere
5,"June 30, 2018", Its good and safe.
5,"June 29, 2018", I LOCE THIS APP SO MUCHüòòüòòüòòüòòüòò
5,"July 6, 2018", It's a great app and it also helps with life and also to have fun üòÉüòÉüòÉ
5,"July 10, 2018", It's great and makes my pictures way better
5,"July 10, 2018", This app is really fun and easy to use! üéÆüôÑ
5,"July 2, 2018", I love it. It is the app I recommend my friends
5,"July 10, 2018", Love how easy this makes it to create your own memes
5,"July 4, 2018", Absolutely great app for making memes and edits for friends
5,"July 7, 2018", I really like this app. It's fun and easy. I recommend it.
5,"July 11, 2018", This app is amazing and a huge help when editing pictures
5,"June 29, 2018", Love this app.
5,"June 28, 2018", Amazing app.. love it
5,"July 8, 2018", This is a very great app.I love to use it to edit.
5,"July 7, 2018", It's fab & free
5,"July 15, 2018", Great! Using for the first time and it was very easy
5,"July 18, 2018", Love making different collages... Of my Family.
4,"July 16, 2018", Great little app to add in stickers and collages.
5,"July 7, 2018"," Great app - easy to use, edit & share!"
4,"July 9, 2018", Nice app. Give more free backgrounds
3,"July 17, 2018", It is ok. I expected more. Overall a decent app. :)
5,"June 29, 2018", Thumbs Up!
5,"July 4, 2018", I use this everyday LOVE IT <3
5,"July 9, 2018", Lovvvve it! Best for my business graphics.
4,"July 8, 2018", It is üëå ok
5,"July 3, 2018", This app is awesome I really enjoy it
5,"July 8, 2018", Great app defenetly best photo editor
5,"July 8, 2018", thank you pic collage keep it up
5,"July 17, 2018", This is awesome and I love to make imagines
5,"July 4, 2018", Very Creative!
5,"July 4, 2018", It's amazing how it dose the information and the colour of it
5,"July 10, 2018", Its perfect for making the perfect and cutest collages!
5,"July 17, 2018"," Perfect ,though stickers need to be free!!"
5,"June 27, 2018", I love this game
5,"June 28, 2018", Best app ever
5,"June 29, 2018", I love this appppp
5,"July 13, 2018"," Awesome app, definitely a must have"
5,"June 27, 2018", I love this app
5,"July 2, 2018", It is a great app
5,"July 15, 2018", I think it's very good to have
5,"July 14, 2018", Best photo editor
3,"June 26, 2018", Its ok
5,"July 3, 2018", Coolio Bro
5,"July 14, 2018", Love love love it!
5,"July 4, 2018", It pretty nice my dude
5,"July 7, 2018", Is very simple to use and fast
5,"July 7, 2018", This app is amazing 2nd place
5,"July 8, 2018", Its amazing for making tbnail for youtube
5,"July 8, 2018", Best photo app ever!! I love it!!
5,"July 14, 2018", Amazing very good for any occasion
5,"July 17, 2018", I LOVE IT SOOOOOOOOO MUCH
5,"July 16, 2018", Amazing app. Easy to use!
5,"July 1, 2018", Awesome!
2,"June 27, 2018", Crashing issues
1,"June 28, 2018", I hated it
4,"July 3, 2018", Oh ok
1,"July 8, 2018", I hate it
5,"July 12, 2018", Does what it says. Easy to use. Great app.
5,"July 13, 2018", This app very helpfull at promotion üòçüòç
5,"July 16, 2018"," Works easily, great results."
5,"July 16, 2018", Easy to use with beautiful designs.
1,"July 14, 2018", Ads are annoying
5,"July 8, 2018", So easy to use. Love it üòä
5,"July 5, 2018", Awesome App.. just in love üòç with it
5,"July 9, 2018", Wonderful app very useful.
5,"June 28, 2018", ‚ô°‚ô°‚ô°‚ô°‚ô°‚ô°‚ô°
1,"July 8, 2018", Fu#@ you
4,"July 12, 2018", It's worth having!
5,"July 7, 2018", Just 3 words: I love it!!!!!
5,"July 4, 2018", This is the best app !
5,"July 9, 2018", Is really easy to use
5,"July 6, 2018", I love pic collage
5,"July 4, 2018", I love this app !
5,"July 7, 2018", Fast download and very useful
4,"July 10, 2018", I love and enjoy this app
5,"July 13, 2018", This is fun for birthdays and more
4,"July 17, 2018", Very easy to use!
5,"July 17, 2018", I love pic collage
5,"June 29, 2018", üíñüíñüíñüíñüíñ
5,"July 13, 2018", It's so GOOD!
5,"July 4, 2018"," Loved it, used it for years"
5,"June 28, 2018", Awesome!
5,"July 7, 2018", I love it so much. üíúüíú
5,"July 12, 2018", Incredible. Period. End of discussion.
5,"July 12, 2018", I love this app.. Great app &
5,"July 3, 2018", Best app ever!!!!
5,"June 26, 2018", keep the great work..
5,"July 8, 2018", absolutely loving this app...
5,"July 16, 2018", Easy to usr!
5,"July 10, 2018", Easy to use. üëç‚ù§Ô∏è
5,"June 26, 2018", Thanks
4,"June 27, 2018", Liket it
4,"July 5, 2018", Good and easy to navigate
5,"July 8, 2018", Great app recommend it
5,"July 9, 2018", It is fun and amazing
5,"July 2, 2018", This app is AMAZING
5,"July 8, 2018", Its an amazing app
5,"July 12, 2018", Its so fun
5,"July 13, 2018", I love editing
5,"June 28, 2018", Love It
5,"June 27, 2018", Love this app
5,"June 27, 2018", Best app
4,"June 29, 2018", Awesome app
5,"June 27, 2018", Its awesome
4,"July 1, 2018", Easy to use
5,"July 10, 2018", Easy to use! :)
4,"July 14, 2018", Great App
5,"July 14, 2018", LOVE IT
5,"July 9, 2018", Awesome app!! :)
5,"July 6, 2018", I love it!!!
5,"July 9, 2018", üåºüåºüåºüåºüåºüåºüåºüåº
5,"July 3, 2018", Amamzballs
5,"July 3, 2018", Awwsome
5,"July 13, 2018", Just get it !!!üíóüíóüíóüíóüíóüíóüíóüíóüíóüíóüíóüíóüíóüíóüíó
5,"July 9, 2018", It's Amazing
5,"July 12, 2018", Love the choices..
5,"July 15, 2018", It's good
5,"July 14, 2018", I love üòçüòÅ
5,"July 15, 2018", It is fantastic !!!!!
4,"July 7, 2018", Its lovely :)
4,"July 7, 2018", Brill!
5,"July 2, 2018", Love it!
5,"July 3, 2018", üòâüòâ
5,"July 10, 2018", Love this!
3,"July 17, 2018", üëç
5,"July 6, 2018", Is good
5,"July 9, 2018", Great app
5,"July 16, 2018", I liked it
5,"July 11, 2018", Very userfriendly
5,"July 5, 2018", Loving this app
5,"July 4, 2018", Great overall
5,"July 5, 2018", I loved it
5,"July 7, 2018", Its awesome
5,"July 8, 2018", LOVE IT
5,"July 9, 2018", It is useful
5,"July 11, 2018", EXCELLENT APP
5,"July 10, 2018", I love it
5,"July 13, 2018", I love it
5,"July 15, 2018", Keeep it up
5,"July 16, 2018", Great app
5,"July 17, 2018", Amazing app
5,"July 18, 2018", I love it
5,"July 17, 2018", pretty good
5,"July 18, 2018", Its fun
5,"July 6, 2018", Love it .
5,"July 6, 2018", Awesome app.....
5,"July 2, 2018", I love it.....
5,"June 29, 2018", Amazing
5,"July 10, 2018", Perfect..
5,"June 30, 2018", Great
5,"July 18, 2018", Excellent
5,"July 16, 2018", Loved it
5,"July 12, 2018", Awesome
5,"July 12, 2018", Love it
5,"July 12, 2018", Good
5,"June 27, 2018", Great
5,"July 1, 2018", Entertaining
5,"June 29, 2018", Amazing
5,"July 1, 2018", Love it
5,"July 2, 2018", Love it
5,"July 1, 2018", Good
5,"July 7, 2018", Good
5,"July 2, 2018", Great
5,"July 6, 2018", Amazing
5,"July 4, 2018", Great
5,"July 8, 2018", Fabulous
5,"July 8, 2018", Decent
5,"July 9, 2018", Awsome
5,"July 11, 2018", Awesome
5,"July 14, 2018", Amazing
5,"July 13, 2018", Cool
5,"July 17, 2018", Love this
5,"June 26, 2018", Very good.
3,"June 24, 2018"," I love the app itself. Super easy to use/navigate. 2 problems with it: 1) 
if you uninstall, you lose ALL purchases you've made. 2) after last update, 
if I try to edit a collage, the app sends an error & shuts down- I have to 
completely re-do a collage to make changes. If I uninstall/reinstall- I'...Full ReviewI love the app itself. Super easy to use/navigate. 2 problems with it: 1) 
if you uninstall, you lose ALL purchases you've made. 2) after last update, 
if I try to edit a collage, the app sends an error & shuts down- I have to 
completely re-do a collage to make changes. If I uninstall/reinstall- I'll 
lose all my purchases... again...."
5,"June 23, 2018"," Rockin app! Won't find any other better pic collage on the web that allows 
you to place your pics however you want, and sticker packets for every 
occasion! Just downloaded the update, love the Summer stickers in the state 
packet,can't wait for 4th of July"
4,"June 24, 2018"," I really like it! It's fun & simple to use, but wish more items were free 
on it."
4,"June 4, 2018"," Easy to use collab app for making posters ands into cards. Absolutley work 
paying to get the logo off the ap and support the developers. Maybe will 
get new features like kitext effects, or more fonts. More edges? Non- 
symmetrical layouts? Maybe more filters? It would be nice to combine adobe 
for...Full ReviewEasy to use collab app for making posters ands into cards. Absolutley work 
paying to get the logo off the ap and support the developers. Maybe will 
get new features like kitext effects, or more fonts. More edges? Non- 
symmetrical layouts? Maybe more filters? It would be nice to combine adobe 
for filtering, 500 fonts for finding just the right font and this app to pt 
the images in the right screen place"
4,"June 23, 2018"," I love this app and everyone in my family does too. But I can not get any 
sister or brother cards. I really want that so can you please change that? 
And when you are on google and you save the picture are you able to use 
that picture on the app. If so how o you put the picture on there. It would ...Full ReviewI love this app and everyone in my family does too. But I can not get any 
sister or brother cards. I really want that so can you please change that? 
And when you are on google and you save the picture are you able to use 
that picture on the app. If so how o you put the picture on there. It would 
be very helpful if you answered my questions. BTW love the app!"
4,"May 23, 2018"," The app is good for editing but after saving the photo the picture quality 
falls down dramatically. I have tried the higher resolution option as well 
but it was of no use. This makes it difficult to make a collage and print 
it on a large scale. Fix this otherwise the app is awesome!"
5,"May 24, 2018"," I LOVE this app! Not only can I make beautiful collages for fun, I can also 
make cards for people (I used their Thxgiving template as a card). You can 
aldo create an account whete you can talk to otherd and share ideas. Thanks 
for this amazing app!"
4,"June 3, 2018"," Used to love it...quality of photo inside collages decreased recently 
almost pixlated. Also backgrounds I have paid for have disappeared and 
cannot be restored (same phone so not able to blame the ridiculous android 
to iPhone excuse)"
1,"May 27, 2018"," App has its hand firmly on your wallet, its just a constant drip of 
purchases everytime you want to do something. If you don't agree to their 
terms you can't use the product even when you have paid for elements of it. 
This isn't what GDPR is About! You need to be refunding purchases if you 
are g...Full ReviewApp has its hand firmly on your wallet, its just a constant drip of 
purchases everytime you want to do something. If you don't agree to their 
terms you can't use the product even when you have paid for elements of it. 
This isn't what GDPR is About! You need to be refunding purchases if you 
are going to withdraw use of the app on you changing your terms otherwise 
its extortion, agree or you loose!"
5,"June 1, 2018"," Wow Just wow I have tested this app in many ways and created many collages. 
I think this app AND the creators deserve a big 5 stars. This app has no 
faults at all. If you don't know weather to instal it I say YES!!"
5,"May 31, 2018"," Its something that I could do when I'm bored. This way I won't waste time 
and l Iove how there is stickers to use and also I love how there are three 
options(grids,freestyle and cards)."
1,"June 15, 2018"," Stopped working... no matter what I try, it doesn't work anymore. It 
crashes when I try to select a folder on my phone to get photos from... I 
tried uninstalling and reinstalling, updating, etc... still nothing... I 
have the paid version too. Wasted my $ on it I guess.."
3,"May 27, 2018"," The app is useful. However, don't buy it. I thought by purchasing the app I 
would get additional backgrounds and features. Nope! It's the same as the 
free version. Everything in the app cost additional money. For that reason 
I wish could give 2.5 stars because I feel they stole my money. I use it...Full ReviewThe app is useful. However, don't buy it. I thought by purchasing the app I 
would get additional backgrounds and features. Nope! It's the same as the 
free version. Everything in the app cost additional money. For that reason 
I wish could give 2.5 stars because I feel they stole my money. I use it. 
It is functional. But only bare bones and kind of boring and plain unless 
you purchase additional stuff all the time."
3,"May 29, 2018"," I used to love this app and used it all the time. Recently it stopped 
working. It loads but then freezes at the photo page. I deleted it and 
installed it again and the same thing happened."
3,"June 9, 2018"," I think it would be better if you had alot more free stickers and 
backgrounds unlocked... im not saying its a bad thing. Its just hard wen u 
cant purchase them"
4,"May 22, 2018"," For the most part I enjoy this app, but there are still some tweaks that 
need to be made. My biggest one that would be nice if fixed is when looking 
for stickers we can type in a subject and it would pop-up images in that 
category. It would speed things along for me :-)"
2,"June 4, 2018"," I hate the update. Y'all should pit the app back how it was before all the 
updates. I'd give it stars but now only 1"
4,"June 3, 2018"," I think the only thing this app needs is writing or sticker add on. If it 
has one already, I haven't figured it out yet. Great app though"
4,"June 17, 2018"," Useful app! Only things I'd change would be: add option to change order of 
pics once layout is selected and add more backgrounds and layouts to the 
scrapbook feature. I only use the grids."
4,"May 26, 2018"," I like the app, but I dont know how to make the screen smaller even if 
theres a way to or not. It would be nice if I was told, like to resize the 
slide or screen. I need it for a progecy do please anyone?"
4,"June 16, 2018"," HELP!! I'm a shelter volunteer and use this app every day to make pretty 
pages for our dogs. About two weeks ago PicCollage flipped all my picture 
albums upside down, oldest to newest. Now I have to scroll through 
thousands of old pictures to get to the newest downloads. There must be a 
fix for ...Full ReviewHELP!! I'm a shelter volunteer and use this app every day to make pretty 
pages for our dogs. About two weeks ago PicCollage flipped all my picture 
albums upside down, oldest to newest. Now I have to scroll through 
thousands of old pictures to get to the newest downloads. There must be a 
fix for this. I've uninstalled/reinstalled, checked all the settings...tell 
me how to fix this and I'll give you your fifth star back!!"
1,"June 2, 2018"," It doesn't work properly at all. I have been persistent with this app for 
the potential it can achieve but it constantly freezes/closes down when 
trying to choose pictures."
4,"June 7, 2018"," This app is really cool and it is so creative, it helps children use their 
imagination a lot. The worst thing about the app is that everything costs. 
But i like it a lot."
2,"June 9, 2018"," I really like this app. The main issue I'm having is it does not restore 
your purchased stickers ; even if there is the ""restore purchased"" button. 
Diaappointed and I am not spending money on stickers I had purchased 
previously."
5,"May 30, 2018"," Love love love it!! I have been using this app for about 4 years...super 
easy to use and there a tons of cute stickers and backgrounds to enhance 
your photos. I like how easy the editing tools are."
5,"June 26, 2018"," I love this app. Its amazing, really fun, and easy to use, the products are 
stunning and it works perfectly fine without any extra purchases! The 
social stuff inside is tricky to find but a great feature once you get into 
it!"
3,"May 22, 2018"," I love it if you are trying to make something simple. I dislike it however 
because I dont receive the full variety of backgrounds that I wish for. You 
have to pay for them."
5,"June 5, 2018", I really like. All apps have annoying ads
5,"June 9, 2018"," I really like Pic Collage because you can make a collage about anything, 
for any occasion and you can get ideas about anything too. It's a great 
photo editor and the thing is, you can even make a collage without a single 
picture in it."
5,"May 24, 2018"," All I have to say about this app is... it is amazing I have tried different 
apps like this and they were bad this is the best one by far. If you ever 
want to edit pictures or frame then with design this is the app to download"
5,"June 24, 2018"," I like how I can look for images online to use for it while still in the 
app. Haven't any problems with the app so far. Great app!"
4,"May 31, 2018"," I love the App but the video ads are so annoying and they waste my time. 
I'm forced to let them run their course whilst I fiddle and do nothing 
whilst the stiPod ads run ........"
1,"June 12, 2018"," Freezes on open, can't use. Galaxy S7 Active"
5,"May 22, 2018"," This app is great for many things. It's probably the best collage app I've 
used I have recommended it to many people and they loved it I use the 
collages I make as my wallpaper sometimes and it make my phone popo it has 
many different backgrounds and stickers and over all this is just a great 
ap...Full ReviewThis app is great for many things. It's probably the best collage app I've 
used I have recommended it to many people and they loved it I use the 
collages I make as my wallpaper sometimes and it make my phone popo it has 
many different backgrounds and stickers and over all this is just a great 
app"
5,"June 9, 2018"," I LOVE this app! I use it mainly for comparing during my weight loss 
journey. It's pretty handy."
4,"July 4, 2018"," This is an app I use on the regular because I love photos and scrapbooking. 
It does freeze up sometimes, though, and if you want to get a perfect 4x6 
photo to print, you will have to be careful about cropping your creation 
after you make the collage so that you don't cut off anything important 
s...Full ReviewThis is an app I use on the regular because I love photos and scrapbooking. 
It does freeze up sometimes, though, and if you want to get a perfect 4x6 
photo to print, you will have to be careful about cropping your creation 
after you make the collage so that you don't cut off anything important 
since the collages aren't perfectly 4x6."
1,"May 31, 2018"," When I choose pics to be added into the collage, the images are extremely 
distorted! I've used this app for years and this is new. I've done the 
update and it still distorts all images. So frustrated!"
1,"May 29, 2018"," This is terrible! It worked once then I couldn't open it anymore. I 
uninstalled it because it didn't work, but then I realized that my phone 
has slowed down and I can no longer install apps or get out of the tabs 
screen. I don't know what happened to cause this, but all of that started 
when I go...Full ReviewThis is terrible! It worked once then I couldn't open it anymore. I 
uninstalled it because it didn't work, but then I realized that my phone 
has slowed down and I can no longer install apps or get out of the tabs 
screen. I don't know what happened to cause this, but all of that started 
when I got this app. I do NOT suggest it."
5,"June 16, 2018"," Cool Love The Game I love it so much that you don't have any bad reviews 
from me. Thanks Cardinal Blue Software, Inc. No one would hate it although 
there's 50,000,000 downloads. Awesome Pictures Stickers and Text"
5,"May 20, 2018"," I love pic collage I use it for all my travel pics it's so convenient 
totally download it you won't regret it"
5,"June 13, 2018"," Amazing 99cents removes watermark. I use this for all my youtube thumbnails 
along with photoshop on RTG FAMILY (youtube channel name). Check out my 
channel for proof of how amazing pic collage is with not only photos but 
thumnails! Easy 2 use and understans also."
5,"June 26, 2018"," I love this app alot. You can do so many things on it and there is lots of 
choices to pick from"
5,"June 9, 2018"," Love it üíñüíñüíñüíñüíñit is awesome. I can do everything on it. Like edit and 
lots more all in one app!!!!!!It doesn't even take long to crate one and it 
is easy.üòçüòçüòçüòçüòçüòçüòçüòçüòÅüòÅüòÅüòä‚ò∫üòÜüòÑüòÉüòÖ"
5,"June 22, 2018"," Hard to let go off my phone screenüòç It's a really good app to share the 
good life moments with numerous optional backgrounds that can be presented 
even in only ONE single page."
5,"May 28, 2018"," What I like the most about this app collage is the different collage cards 
of varies seasons, occasions,events, .... The different cards sort of tell 
it's own story by the design. I just love love love it üòä"
1,"June 1, 2018"," The developers of this app have the audacity to make you watch a 15 second 
ad every time you make a collage, then expect you to pay for the 
application to remove watermarks. That's just greedy."
5,"June 17, 2018"," I love this app so much I can be my self and make fun and cool photosüòáüíû 
and my aunt has this and now we can make funny photos together because of 
you guys thank you so much‚ù§üíôüíöüíõüíúüíïüíñüíóüíòüíùüíûüíü"
2,"June 6, 2018"," This app isn't easy to use when putting 3 or more pictures into one grid, 
as the grid changes from the one I had picked previously, and then I'm 
totally lost from where I was."
5,"June 14, 2018"," If I could give this a 20,000 I would I love this app so much you can make 
what you want you can make cards you can do freestyle you can even put 
background and the pink fluffy unicorn this is no joke I actually love this 
app so much I sent a picture I made it to all my friends it's such good app...Full ReviewIf I could give this a 20,000 I would I love this app so much you can make 
what you want you can make cards you can do freestyle you can even put 
background and the pink fluffy unicorn this is no joke I actually love this 
app so much I sent a picture I made it to all my friends it's such good app 
I recommend it"
5,"May 30, 2018"," I've made some great collages to feature favorite pics, then and now 
comparisons, and for advertising in a couple of small side job businesses I 
do."
4,"May 30, 2018"," Love using it. Only thing that I would change is that you have to pay to 
remove water mark."
5,"May 21, 2018"," Well, it's PERFECT for making collages and other things with, so I'll say 
10/10! It took ages to load at first, but I t was awesome after that."
3,"June 1, 2018"," Wish you didn't have to pay for all the extras, but it's good for basic 
use...it does give some good options for free though."
5,"June 7, 2018"," I'm love with this pic collague. Best one ever used. Love you can do alot 
of things Others don't have the options like this one. Awesome job."
5,"June 8, 2018"," It was an efficient way for me to make a new wallpaper for my phone while 
add pictures of all my friends. It is amazing."
4,"June 26, 2018"," This is a really good app I only read it 4 stars just because of how 
sometimes it will do things that I don't want it to do and I didn't do 
anything for that to happen but otherwise this is a really good app and I 
would recommend that you would get it"
5,"July 5, 2018"," I love this app because I always won't cute wallpapers of me and my 
friends. The stickers are amazing. I spent so much time on this app"
1,"June 17, 2018"," I tried to do a collage and the screen went black. How does this have 4.6 
stars if it doesn't even work"
4,"May 18, 2018"," This is a good app but there are some pricey stuff like you have to buy 
stickers to put on your pictures and you have to buy backgrounds and all 
the good stuff you have to pay and the prices go from a dollar to $5"
5,"May 28, 2018"," IT'S SOOOO FUN!!!! U can make a collage sooo quickly you can screen shot 
them and make them a background I used a crongats one to my mum for passing 
her course she loved all the memorys"
4,"June 5, 2018"," I really love this app and i can make almost everything here, i have app in 
my os device and the crop option is really helpful for me with its option 
to crop out its background itself but i noticed when i installed this same 
app in my android device, i cant use the crop option same way in my os 
...Full ReviewI really love this app and i can make almost everything here, i have app in 
my os device and the crop option is really helpful for me with its option 
to crop out its background itself but i noticed when i installed this same 
app in my android device, i cant use the crop option same way in my os 
device, i hope that it would be possible to have that option in here too."
5,"June 27, 2018"," I mean it worked for me and I have a Android so if it did not work for you 
that is just sad"
5,"May 23, 2018"," I love this app, it gives you the potential to create amazing pieces of art 
and you can even get images off the Internet. There are loads of awesome 
features thanks! üòäüíï"
5,"June 7, 2018"," It was just what I needed and it only took me a couple minutes to complete 
the entire thing."
4,"June 8, 2018"," I really like this app but i gave it a 4 star because there is alot of 
stuff with money including stickers themselfs. Other than that it is perfect"
5,"June 3, 2018"," I love this app. I am in network marketing and it literally gives me 
everything I need. The only suggestion would be to have more choice on 
lettering styles and colors. But that's it. Everything else is great!"
4,"May 19, 2018"," I really like the app, except that even if you pay for it on your computer, 
you would still have to pay for it again on your phone as l well. There 
should be a way to track who paid for it already."
5,"June 24, 2018"," The only downside to this app is that you have to pay for most of th good 
stickers other than that it is Great it is fun and easy to use and their 
aren't even that many ads! Recommend Recommend you get it"
5,"June 23, 2018", I have used quite a few different apps and this one ticks all my boxes.
4,"June 17, 2018"," Good app to use, to remove the watermark I have purchased the full version 
but the watermark is still on all of the pictures. Cannot seem to remove it 
by uninstalling and reinstalling it. Looks like I paid for nothing at all"
5,"May 30, 2018"," This is a really creative app and It made me so happy when I use it that's 
why I give it five stars you can make posters print them out and get people 
to find or do it .üòÅüòÅüòÅüòÅüòÅüôÑüôÑü§óü§óü§óüòäüòäü§ó"
5,"May 30, 2018"," I love it. I use it for all of my photo needs. I couldn't ask for a better 
app."
5,"June 9, 2018"," It was interesting at first then it got Easy and I got the hang of it I 
definitely think you should get the appüòÄ‚ù§üíìüíïüíñüíóüíôüíöüíõüíúüñ§üíüüíùüíû"
5,"May 28, 2018"," I use this app ALL the time yo help with the rescue I volunteer for. You're 
able to create eye catching and beautiful collages. It's very used friendly 
and easy to understand."
4,"June 8, 2018", I loed it very much. But the cutting tool/feature is kinda not good :)
5,"May 28, 2018"," I hink it is amazing to make collages of all my fav people when we cant 
take pics together cuz we cant have our phones at school üòä‚ù§"
5,"May 28, 2018"," I love this app but, the only thing i would change about it is having more 
stickers for those who dont want to buy them, other than that i love this 
app."
5,"May 22, 2018"," Super useful, including tools, free or purchased. Much easier than other 
apps I've tried. Even made greeting cards to friends with Pic Collage!"
4,"May 24, 2018"," This app does what it says. Love the backgrounds, but wish there were a few 
more free ones. Like the way we can align the pics in different ways."
5,"June 2, 2018"," A great app, I like all of the features and that you can add pictures from 
the internet. I think that everything should be free but apart from that... 
Great job on the app!!"
5,"May 31, 2018"," The app is amazing have used it many times and live it . I've used other 
collage apps but they aren't as good as pic collage . 5 stars ‚≠ê‚≠ê‚≠ê‚≠ê‚≠ê keep it 
up."
4,"May 25, 2018"," It's an ok app, I think it would be better if there were more options in 
like the backgrounds and stuff. Also it would be better if I could use 
emojis in the collages"
1,"May 26, 2018", App makes no sence tryed using it coulnt figure it out
4,"May 25, 2018"," app yang bagus hanya saja kurang di font tulisan yang dikit dan stickers 
yang udah di download hilang lagi mesti download lagi"
5,"May 30, 2018"," This app is really good to was for those good pic you took. It help me with 
all of it and they are better then alot of the app I use"
1,"June 5, 2018"," Do not install. Kept telling me to disable screen overlay. I did. It did 
not work. Get a different app."
1,"June 14, 2018"," Pics come out distorted, not worth your time."
5,"June 25, 2018"," This app is great! You have a good variety of different things and I use it 
for summarising my day because I blog for vacations. I recommend that you 
get it."
5,"May 25, 2018"," üíñüíñ .. Use all the time.. Especially since they have installed more 
choices of font and background choices without having to upgrade."
3,"June 25, 2018"," I like the app but what disturbed me was when I saved the picture,an ad 
came up and I hated it!!!!!"
5,"June 6, 2018"," I think pic collage is amazing I have already made lots of beautiful things 
on there get pic collage and bring your photos to life !!üòãüòÑ"
4,"May 18, 2018"," This helps you with birthday cards and as a nice gift for someone. This is 
very helpful in many ways. I love this app so much. I rate it 4 stars! ‚ù§"
5,"June 13, 2018"," I love this app one thing i dont like is an update from a long time ago 
they added a little trademark at the bottom right"
4,"May 24, 2018"," I love this app just some things are not for free, however I totally 
recommend and I hope you enjoy your time too!"
5,"May 20, 2018"," I love using this app for family phots collages and great for my work as it 
helps us to compare before and after photos üëç100% recommend this app üëå"
1,"May 25, 2018"," I like it, it's pretty good but when I export collages to my gallery the 
pictures in the collage dissapear which really really really got in my 
nerves."
5,"May 21, 2018", My sister wanted me to help make a book cover and she said it was perfect.
5,"June 6, 2018"," Well since the bug issue was fixed now i can give it 5 stars also cuz its 
great to use when you need to make collages"
2,"May 24, 2018"," I used to love this app, now i can't even open it? Tried deleting and 
re-installing and sending feedback? Still no luck ...."
5,"May 28, 2018"," One of the best collage app. And processing is fairly fast unlike some apps 
take a long time to even load the photos."
5,"May 31, 2018"," This app is amazing. I can do a lot of different things with different 
pictures and then give said pictures to my boyfriend. I love it"
1,"June 1, 2018"," Changed terms and conditions about data sharing, if you don't agree the app 
is disabled. No refunds offered!"
5,"June 13, 2018"," Amazing app!! But yeah some stickers are not for free, tgerefore they cant 
be downloaded instantly by anyone. Rest is absolutely GREAT"
5,"June 1, 2018"," This really is fun to do when you're bored and it's very simple to make a 
card for someone! 1000000/10!"
5,"May 22, 2018"," It's something, I use to edit pictures. From that thought, whenever I use 
it it is, good quality, fun, and just everything you could possibly need 
for edit, or just making a picture!"
4,"May 24, 2018"," I love but I don't like how on stickers you have to pay or if the stickers 
are free you have to watch a video and the video doesn't work other than 
that very very awesome"
5,"June 12, 2018", WasTe worst app The pic college is slowly app
5,"May 21, 2018"," I really like this app it's really useful for business and cool pics ever 
since I started using it loads of my friends have. I recommend this app xx"
5,"June 4, 2018"," Its an absolute miracle to have this app, it's just so handy. It also has a 
lot of features for designing texts and frames so it's an amazing appüíãüíãüíã"
5,"May 25, 2018"," Love this app! Saves so much time as I can make collages right on my phone. 
Keep up the great work!"
5,"May 31, 2018"," I have been using pic collage for years and I am always satisfied with my 
ending results everyone loves the collages and photo Creations"
5,"June 6, 2018"," I love Pic Collage because it gives me the chance to modernise and make my 
photos fancy and meaningful... There are no problems with this app and I 
LOVE IT!!!!!"
5,"May 21, 2018"," Its real cool!!I can plan things then put as my backround! 10\10 RECCOMENED 
100%"
5,"June 15, 2018"," In love this app and I gives me everything I need the only thing that could 
be better in the app is that we could take pictures from the app."
5,"May 20, 2018", Its ok not perfect yet though
5,"May 31, 2018"," I love this app it is way Easter than printing a boring photo and you can 
have backgrounds stickers and more"
5,"June 12, 2018"," BEST GAME EVER, sryly it's amazing my advice: get it get it anddddd get it. 
It would be really worth while!!!üòÄüòÄüòâüòä"
5,"June 17, 2018"," I love the app so mush because you get to change your background and it is 
just so amazing I can""t elpian it to anybody"
5,"June 16, 2018"," This is amazing I love it so much but I hate how some pictures go under 
some and over others"
5,"June 20, 2018"," Love it. I have tried a few others apps before this one. This one is the 
best most user friendly app ive found. Awesome"
5,"June 21, 2018"," A bit fiddly to use (maybe it's my fingers), but so much fun!"
5,"June 20, 2018", This Picture App Is The Bomb!!
5,"May 26, 2018"," Amazing collage app for any pictures! There's even a freestyle mode where 
you can completely do it yourself! 100% recommended!"
5,"June 14, 2018"," This app is very easy to use and worth the $2 to remove corner watermarks. 
I highly recommend this for easy collages on mobile platforms."
4,"June 4, 2018"," I only gave it 4 stars just because of how slow it is but other than that I 
love this app‚ù§"
5,"May 21, 2018", Love PicCollage! My kids introduced me to it and I use it all the time!
5,"June 15, 2018"," This is such a good collage maker! There is so many good things about it! 
PLEASE GET RHIS APP!"
5,"May 20, 2018"," Love thia app. It has been helpful for me and for PINTAL CR, my Outdoors 
painting group!! Thank"
5,"June 17, 2018"," I love it because you can do anything you put your friends there you can 
make like a little yearbook and just make it for someone ‚ô°"
5,"June 22, 2018"," Lots of choices for backgrounds, text type and color, and ability to adjust 
size if photos. Love everything about it!! 5 stars! üíì"
5,"June 23, 2018"," Love it. I can use it for helping of rehoming animals I care for with my 
job which means alot as I'm very passionate about it ."
5,"May 27, 2018"," I love pic collage because I checked edit thing I didnt make yet and all I 
have to do is make it on there!!!!!"
5,"May 18, 2018"," Think it's a good thing for the people in this area and the main problem is 
that ok"
4,"June 2, 2018"," This app is super easy to use i use it all the time the only downfall is 
the picture quality once saved"
4,"June 17, 2018"," It's a good app, minus the ads to go through to get the stickers but what 
do you want for free?"
5,"June 10, 2018"," I love this app, it's just what I need to create collages and other multi 
picture frames. I wish it would do transparencies."
5,"June 6, 2018"," This App is easy to work with. I can crop, upload my own photos, and more. 
You guys rock!"
5,"May 20, 2018"," This app is soo good u can do so much like make wallpapers cards it is just 
great ."
5,"May 24, 2018"," It is the best app I ever had you can decorate any picture you have shape 
it and even make collages"
1,"July 17, 2018", It keeps crashing my phone!! üò°üò°
3,"May 27, 2018"," Recently, App keeps crashing."
5,"June 7, 2018"," Im still learning..but have made a few cards for my kids and 
grandkids..which i think and they think have turned out good.."
5,"May 31, 2018"," I love this app it is amazing I am always making something that one of 
these days I Can go back and look at the pictures!!"
5,"May 19, 2018", I really like this app it is soooo fun to use
5,"May 29, 2018"," This app is amazing.... I've been using for years .. And always has amazing 
updates.. Truly recommend it... You'll love it.."
5,"May 30, 2018", I like how I can create things
5,"June 7, 2018"," I love this app very easy to use and fun lots of different ways to put you 
favorite pictures and backgrounds"
5,"June 3, 2018"," Great app that does exactly what you need. Loads of free extras without 
spending money. Overall AMAZING!"
2,"June 19, 2018", It just shuts down!
5,"May 21, 2018", Just love cant go wrong üòò
5,"May 20, 2018"," It is a very good app that allows you to make a very detailed collage and 
you can customize yourself to make it look just the way you want it to"
3,"May 24, 2018"," Used to love it, hate the new monthly plan they want you to subscribe to."
5,"May 26, 2018"," It is nice but I think you should be able to send it to someone. Love u bye 
xoxo"
4,"May 31, 2018"," This app allows you make everything very organized in a cute way, I love 
pic collage"
4,"June 2, 2018"," Urk! Gee golly whiz! JOHN HONEY!? HOW DID I GET HERE!? I thought we were 
going to the gala."
5,"July 5, 2018"," Very good I absolutely love it I would definitely recommend this app if u 
wanted to make a cute collage"
5,"June 28, 2018"," I love this app as it has variety of edit features and backgrounds, 
stickers etc ....... Love u pic collageüòòüòò"
5,"May 29, 2018"," not bad, the best collage app downloaded so far. can add 20+ photos. good"
5,"June 1, 2018", I haven't used it yet
5,"June 16, 2018"," Used this pic collage app to make my daughter's birthday invitation and I 
am absolutely impressed!"
1,"June 26, 2018"," It keeps deleting what your typing if you touch outside the box your 
supposed to write in"
4,"May 18, 2018"," For a free app this isn't bad, extra stickers, backgrounds and filters have 
to be purchased but still a great app."
3,"May 23, 2018", Not sure what's happened but can't select my recent photos like i used to
5,"May 27, 2018"," Awesome I loved making collages of me ninjago and any thing. I recommend it 
to any one creative."
3,"May 26, 2018", I love this app bit the problem is that u don't get all of the backgrounds.
5,"May 28, 2018"," I totally love this!! I use it to make covers for Wattpad, even though I 
know it's not for making covers. üòÖ"
5,"May 28, 2018", I love using pic collage because you can edit and create things
5,"May 21, 2018"," This app is like seriously the best its much better than any other pic 
collage apps"
5,"June 16, 2018"," This app is great but I think it should have some more features to make it 
even better"
5,"May 24, 2018"," This app is a brilliant way of sharing your pictures and memories with your 
friends and family. Always makes someone smile."
5,"May 31, 2018"," I love this app! It's my go to app for all my photo props and edits. It 
makes great collages!"
4,"May 31, 2018"," This app was really good. I advise it to anyone . I use this app to store 
all my fav pictures on my home screen ."
1,"June 21, 2018", Sucks~ok because it will not let me even get on the app
4,"June 17, 2018"," This app is probaly the best collage app ever the formant they give youu to 
use is amazing and it makes it easy to use"
2,"June 16, 2018", I don't like the fact it has the name of.the app on.the final picture
1,"May 25, 2018"," Keeps closing when I scroll through the pictures in my gallery to choose 
pictures for the collage"
5,"June 22, 2018"," I think it's awesome exempt for the part that you have to buy the stickers 
but still goodüëç"
5,"June 9, 2018", This app is great good for family pics are just messing around
4,"May 21, 2018"," Awesome for backgrounds, and a really friendly app, not many apps are as 
useful as this oneüòÉüòÉ"
5,"May 30, 2018"," I like it because, it's easy to make my beginning entry's for any posts I 
make on Aminos or stuff."
5,"June 12, 2018"," This app helps a lot on organizations and it helped me with grids and 
everythings."
5,"June 3, 2018", √áok g√ºzel yaaaa ke≈üke bizim olsada bir≈üeyler yapa bilirdik
5,"May 28, 2018"," Works wonderfully. Could have more font options though. But I am overall 
very happy."
4,"May 25, 2018"," I like it but i just think that you should be able to use albums other than 
camera"
5,"June 4, 2018"," Totally worth installing know internet easy to make cards or collages I 
rate this a 5 because of it"
5,"May 26, 2018"," Great app with great uses backgrounds better on the cards section but other 
than that awesome üì∏ ‚ô• üì∏"
5,"June 9, 2018"," I love this app. It is so good and I love making collages. I would really 
recommend it. You should totally get it."
5,"May 23, 2018"," I Love it, it's so cool to put personalized pictures for when I text my, 
friends and everything else"
5,"June 2, 2018", It amazing you can do anything . I always make something fun out of it
5,"June 6, 2018"," This app is AMAZING its so fun and really helpful too I definitely 
recommend it."
3,"May 22, 2018", It doesn't have a lot of free backgrounds and only 5-7 layouts
4,"May 26, 2018", I love it but i keep getting notifications and it is so stressful
5,"June 12, 2018", This App Is Good For Making Collagesüíìüíì
5,"May 26, 2018"," Great app exactly what u want from a free pic collage app plenty of extras 
u can purchase as well"
5,"June 7, 2018"," Amazing love it ! I can make pics for my profiles and instagram and stuff 
amazing app I definitely recommend it !!!"
5,"June 1, 2018"," Very happy with this app...love the designs and u can put as many pictures 
u want ‚ô•Ô∏è"
5,"May 20, 2018"," Amazing for a free app I love it I Love making pics with more than one 
picture üòÅ"
4,"May 19, 2018", I hate the watermark üòü
5,"May 27, 2018", It's better then all the rest of picture editors. Has lots of extra features
3,"May 26, 2018", Just started using this app. I like it so far
5,"June 9, 2018", So easy to use. I just needed something to put my photos together!
5,"June 22, 2018", It's a great app and I use it a lot to make covers for my Wattpad stories.
1,"May 19, 2018"," I've already paid for watermarks to be removed. After the update i'm asked 
to pay again????!"
5,"June 1, 2018", It is amazing...I can make collages and send them to my friendsüíòüíûüíñüíï
5,"June 17, 2018"," Great app for collages fun backgrounds and easy to use and get to 
everything asap and is really neat"
5,"June 8, 2018", I can print these pictures out with a backgrounds
5,"June 7, 2018", So good. I can't explain how good it is. It's so cute and ahhh üòÑüòÑ
5,"June 14, 2018", I like this for creatingbquick photocollages to use on facebooknabd twitter
1,"June 21, 2018", It does not let me use elimojy
5,"June 7, 2018", I do soo many things with this for pics luv user friendly
5,"May 19, 2018"," I love this app I took a few crazy pictures and made it into a crazy crazy 
collage its really fun"
5,"May 23, 2018", I am picky with my collages but this is perfect
5,"June 10, 2018"," It let's you edit any picture, either crop,blur,focus, and so much more."
5,"June 6, 2018", It's an amazing app!! U can fix ur pictures and make them even better!
4,"June 7, 2018"," an amazing app to use , variety of options to do with multiple photos at 
once , simply just amazing."
5,"July 15, 2018"," I love PicCollage. Makes creating fun graphics for my business and family a 
breeze."
5,"May 25, 2018"," I love this app for recording my highneeds daughters home education. Lovely 
keepsake"
5,"May 27, 2018"," Best app for making super cute collages. Not hard to use and super simple. 
üëçüèª‚ù§"
5,"June 25, 2018", Its a very good photo editing app to use and it doesn't take alot of time
5,"May 25, 2018"," Love, love love this app. Very easy to make collages of clothes from my 
store for posting."
4,"June 29, 2018", Used 3 or 4 may be more times
5,"May 25, 2018", This is hilarious. I love Photoshopping people!
5,"June 20, 2018"," I like the graphics, collages options, and the picture qualities."
4,"May 29, 2018"," Great little app with lots of neat free collage options and easily editable 
functions :)"
5,"June 3, 2018"," I love this app it is so good for when I want a background of more than one 
person's"
5,"June 3, 2018"," I love it! Iuse it for my business to add text to my photos, it's so easy!"
5,"June 23, 2018", I love all the different options and I have making my pics new again.
5,"June 19, 2018", I use pic collage to create postcards.
4,"May 20, 2018"," Good, but the photo editing tools aren't great."
5,"June 4, 2018", I love how you can put picures together and make something cool out of it
4,"June 10, 2018"," I love this app, except that I can't print from Android! Is that coming?"
5,"May 19, 2018"," It's very cool to use because you can show them to friends or gather people 
with these picturesüíê"
5,"May 23, 2018", Hope you continue this app...and thank you!
5,"May 28, 2018", Great app! I can create many good looking memories with it. üëç
5,"June 5, 2018"," I love this app and use it all the time to make pic collages. Very easy to 
use."
2,"June 4, 2018", I cant add the animation photo
5,"June 2, 2018"," This app is Amazing, I'm able to put certain picture together."
5,"May 23, 2018"," Great working app. I've tried many and this consistently continues to 
impress me."
5,"June 6, 2018"," I think it's really good for collarge and I enjoy my self every time I go 
on it"
4,"June 9, 2018"," 1st time using. Find it user friendly with penty of collate layout to 
choose from"
5,"May 26, 2018"," Its a great way to make personal collages with a lot of free stickers 
options."
5,"June 21, 2018", Always used this app for my photo collages. So easy and simple to use
5,"May 23, 2018", This app is great with stickers ext. Def somthing everyone should use
5,"May 25, 2018", It's really good for my editing on Instagram so it works perfectly fine
5,"June 17, 2018"," Love to use this app to display my jewelry. It's the best. Real handy at 
time."
5,"June 14, 2018", It's so cool it helps you make really cool collages is Its awesome!!
5,"June 9, 2018"," I love it! I would rate a paragraph, but I can't wait to use again!"
5,"May 21, 2018"," This is honestly my favorite editing app..this started my career for being 
a editor. Thank you!!!‚ù§‚ù§‚ù§‚ù§‚ù§"
5,"June 2, 2018", Love how easy it is to use and that it let's me free style my collages!
5,"June 4, 2018", I love this app because i can make cute collages and add cute stickers ‚ù§
5,"June 24, 2018", Need a collage? This is the app for you
5,"May 18, 2018"," This app is very amazing I love it, it's the best app I've ever used"
5,"May 26, 2018", Amazing! Love it so much it's easy and it shows you steps!! A+++üëåüèª
5,"June 6, 2018", Once you figure it out it's great!
5,"July 10, 2018", I think this app is a great way to show your life moments.
5,"May 27, 2018"," I adore this app, everything is possible and you can be creative as you 
like!"
2,"June 15, 2018", Why aren't some of the stickers free
4,"June 20, 2018", I really like this app it helps me make my Wattpad covers :)
5,"May 19, 2018"," Love this app. Only improvement suggestion would be a better way to 
catergorise pics."
5,"May 23, 2018"," Amazing app with cool background and stickers to make ur pictures just the 
best"
5,"May 18, 2018", I love how if you cant choose One photo you can choose lots.
5,"June 19, 2018", I loved it so much! It helps for my videos: P
5,"May 27, 2018", Just what I was looking for. The üòâ
4,"May 20, 2018", Cool but it won't let me edit some of my photosüò¢
5,"May 25, 2018", I like this App it's like Scrapbooking
4,"June 11, 2018", App NEEDS MORE FONTS!!!
5,"June 12, 2018"," So many adventures and memories shared In this App. I ABSOLUTLEY LOVE LOVE 
LOVE"
5,"June 20, 2018", So easy to put together a quick pic to send to my customers!
5,"June 24, 2018"," Love that you can put many pictures,easy to use, awesome. üòç"
5,"May 21, 2018", I like it alot
4,"May 18, 2018", I like it a lot get it
5,"June 9, 2018", Takes up to 30 photos
5,"June 17, 2018", Love this you ahould get it if you really like to edit ur photos
4,"July 6, 2018", Reminds me all memories
4,"June 6, 2018", I like your preference
5,"June 13, 2018"," Cool features, easy to use"
5,"June 21, 2018", It very nice and love that you can arange your pics how you want to
5,"May 26, 2018", This app is amazing I mostly spend all of my time on itüòÇ
5,"June 4, 2018"," I love this app it's filters, stickers,and grids are amazing highly recomend"
5,"June 23, 2018", This app is super easy to use and has awesome quality results.
5,"June 12, 2018", Easy to use and I expect people will be happy with their surprises!!
5,"May 24, 2018"," I love that I can make something like a card, or ideas, or something 
important."
5,"June 1, 2018", The question was 'Tell us what tou think'. I think this app is awesome
4,"June 9, 2018", So far I like it.
5,"May 19, 2018", This is the most greastest of the greatsest great of all time collageüíôüíõ
5,"May 27, 2018"," Does what its suppose to do, easy to use and works great!"
5,"May 21, 2018", Wish I was able to buy individual backgrounds & not 'groups' of them.
5,"May 20, 2018", It is one of the best collage apps I have ever used
5,"May 24, 2018", Its a wndrful app..i like it
5,"May 26, 2018", This is the best app for making covers for your gay ships on wattpad
5,"June 4, 2018", It has very beautiful wallpapers that make the pictures look alsome
5,"June 4, 2018", This app is really good for making backgrounds or just to pass time
5,"May 19, 2018", Great app very usful use it heeps good amount of adds
5,"May 22, 2018", I think that pic collage is a really good app to make collages
5,"May 27, 2018"," I love this app ... so easy to use, and so many choices to pick from"
5,"June 10, 2018", I love this app and it is amazing for making collages and loads more def
5,"June 16, 2018", Love this app puts a professional finish on personalised cards notes etc
4,"June 24, 2018", Stickers n cards r awesome! Pls add filters.
5,"June 1, 2018", Can't live without it! üòÇ
5,"May 28, 2018"," I use it to make visual por my home based buisness!!! Very handy when I 
need it!!!"
3,"June 19, 2018", I kept getting notifications from top of screen so I went and got it
5,"June 8, 2018", Easy and efficient way to manage pictures for many different purposes.
3,"May 27, 2018", It a great app for pictures you want to collage & put together
5,"June 2, 2018"," Love it, perfect for editing my photos and not to many ads"
5,"May 20, 2018", This app is great for Instagram pictures and even creating albums.
5,"June 8, 2018", I have this app on my phone and tablet which proves it is amazingüòç
5,"June 7, 2018", I love the app it's very gooly made üíìüíòüíõüíöüíôüíú‚ù§
5,"June 3, 2018", Its super!
4,"June 6, 2018", I like it!
4,"June 23, 2018", Its is a fun app where u can share photos on a collageüòÜ
5,"June 4, 2018"," Love this app, can create such cute pics and messages"
4,"June 21, 2018", I really like this app we also have it at school.
5,"May 26, 2018", I like it a lot.
3,"June 4, 2018", I kinda like it.
5,"May 25, 2018", Its the best app I've ever used for my photos
5,"May 28, 2018", Amazing I don't have to print pics to collage
5,"May 30, 2018", Using this app is stress free collaging. Super love this app ‚ù§üëç
4,"June 1, 2018", Just got it !
5,"June 3, 2018", It's really ggod
5,"May 18, 2018", I just love this app
5,"July 11, 2018", Its a really nice app i love it thank you for making this app.
4,"May 26, 2018", I think that pic collage is a great app and recommend it to everyone :)
5,"June 7, 2018", I'm so excited to try this out I hope it works good
5,"June 9, 2018", I love this app and the photos are so pretty üíã‚ù§Ô∏èüòò
5,"June 8, 2018"," Piccollage simple, elegent and unbeatable. New backgrounds awesome"
4,"June 25, 2018"," Easy for me to make and distribution my invitations,!‚ù§it."
5,"June 8, 2018", Love this app! I use it all the time for my bz!
4,"June 7, 2018", It's a ok app
4,"June 5, 2018", More options would be cool but overall it's great!
3,"June 9, 2018", Too many ads.
4,"June 19, 2018", Just got it !!!
5,"May 29, 2018", I love this app. I use it every other day. I love it. 5 stars!
5,"June 6, 2018", 1 of the best photo editor I've ever usedüòèüî•
5,"July 6, 2018", I like it a lot üôÇüòâ
5,"May 19, 2018", Absoloutley AMAZING best collage app i have ever used
5,"May 29, 2018", It is like using a photo editor! LOVE IT ‚ù§
5,"June 1, 2018", Very easy make a wonderful pic collage thank you
5,"June 13, 2018", Amazing I love its awesome for me and my BFFS
5,"June 18, 2018", Good i made it for my dad for fathers day he loved it
5,"June 25, 2018"," This is great, helpful for making my birthday invites."
5,"May 22, 2018", Thank you Piccollage
5,"June 3, 2018", it ls like a brire
5,"May 25, 2018", I like this collage
5,"May 30, 2018", Greatvapp to use for photos
5,"June 9, 2018", The easiest collage app I have used!
5,"May 26, 2018", Love it. Great for advertising my work and fun stuff. X
5,"June 15, 2018", I LOVE IT THAT IS ALL I CAN SAY
5,"June 23, 2018"," I live this app!!! Had since I was 5!! You can make amazing collages and 
edit fun photos!!!!!! I recommend"
5,"May 30, 2018", awesome app... but consider being able to shift borders?
5,"May 26, 2018"," I love it it's amazing and probably the best photo editing app I've ever 
tried. :-) :-) :-) :-)"
4,"May 29, 2018", Good for what it is but I'm not a big user
4,"May 28, 2018", Good app with great options for making unique collages.
4,"June 22, 2018", Good app. Easy to use. Good choices for editing your pics
5,"June 16, 2018", This app is amazing and has so many features.
5,"May 22, 2018", It's a good app for being creative with your photos
5,"May 30, 2018"," Perfect for business cards, invitations, and customizing your look."
5,"June 4, 2018", I love it it let's me make the perfect collage
5,"June 10, 2018", Great app to edit and make pictures fun. Love it
5,"June 15, 2018", Amazing quality This app is so helpful and has an Amazing quality!
5,"May 27, 2018", Love it!! Very useful for special people especially for family members!! ‚ù§
5,"May 26, 2018", Fantastuc app use it all the time time. HIGHLY reccomend
5,"June 2, 2018", Give such a unique way to share your Memories
4,"May 22, 2018", Easy to get use no problems so far
4,"May 25, 2018", This is OK I love it and go on it nealy everyday
5,"June 2, 2018", It is a good way to remember all that fun stuff
5,"June 24, 2018", Always my first and only choice for editing photos
5,"May 22, 2018", I love it! I use it all the time and its amazing!
4,"May 25, 2018", It's a great app with everything you need!
5,"May 30, 2018", I feel thid is one of the best apps for making collages....
4,"June 3, 2018", I have 2 year with this application is Soo good
5,"June 19, 2018", First time using but looks really cool
5,"June 23, 2018", I LOVE this app it meets all my needs
5,"May 21, 2018", It's awesome for making wallpapers for my friends üòä
5,"May 22, 2018", 5 stars! This is used app so far!
5,"June 4, 2018"," Very handy app, perfect for expressing creativity."
4,"June 16, 2018", it's an alright app
1,"June 17, 2018", Doesn't work well enough with Google photos
5,"May 20, 2018", I love it! It's fun to make photos
5,"May 18, 2018", Superb app for making collage..I use it often
5,"May 26, 2018", Cool way to edit pics. Will continue to use. üëç
5,"May 28, 2018"," Thank you, for letting me use this app."
5,"June 9, 2018"," Awesome app , continue to create quality apps"
5,"June 24, 2018", I love the format and so easy to use!
5,"May 25, 2018"," Does what I need it to do, user friendly."
5,"May 26, 2018", This is so handy and I use it EVERY day !!! Love it !
5,"June 25, 2018", It was very easy to navigate. I really enjoyed it.
2,"May 29, 2018", Why only square pictures?? :|
4,"June 19, 2018", Really good app i love the stickers and backgrounds.
5,"May 19, 2018", It's great for making cards and messages to freinds
1,"May 28, 2018", It sucks completely it's taking forever to download
5,"May 30, 2018", Love this!! So much fun creating collages.
4,"June 23, 2018", It's an effective tool in making collages quickly
5,"May 22, 2018"," Great photo app, wish i found it sooner"
4,"May 29, 2018", Osssmm app. Very easy to use. Thx Fr making this.
4,"June 26, 2018", Grreeaaattt app to make collages. Easy to use
5,"May 29, 2018", Love using this to make my kids invitations.
4,"May 30, 2018", Very impressed and do like it alot
4,"May 27, 2018"," Lots of changes, everything Are welcoming one..."
5,"June 1, 2018", Awesome app! It is very easy to use!
5,"June 4, 2018", It's a very good app. I love it
5,"June 22, 2018", I love this app. I use it all the time!!
5,"June 1, 2018", Love it! So easy to use on my phone!
5,"May 18, 2018"," It is amazing, u can make anything"
5,"May 17, 2018", Brilliant app I use it all the time.
5,"May 25, 2018", It's grate you need it in your life
5,"May 26, 2018", Fun app to zest up your pictures.
5,"May 31, 2018", It's a good app so everyone needs it
5,"June 5, 2018", nice app. Easy and its fun to use
4,"May 22, 2018", AMAZING app.. a must have in every smartphone.
5,"May 23, 2018"," Easy to use, great themes, love this app!"
5,"May 28, 2018", EXACTLY WHAT I WAS LOOKING FOR
5,"June 17, 2018", I love this app very easy to use
4,"June 13, 2018", Nice super cool and easy love the design
5,"May 23, 2018", TOW WORDS LOVE IT!i give it 5/5!
5,"May 25, 2018", Love this app so much definitely recommend it
5,"June 25, 2018", I have been using this for years.. Love it.
5,"May 25, 2018", Best app for creating and market planning!
5,"May 28, 2018", Love this app- is so easy to use!
4,"May 30, 2018", Great app...very useful for editing and compositions.
5,"June 3, 2018", Great for organizing and consolidating albums. Develops well.
5,"June 13, 2018", Top quality for all sorts of little tricks..
5,"June 13, 2018", It's perfect for editing and sharing photos.
5,"June 19, 2018", Very impressed! Super easy to use.
5,"June 23, 2018", very useful for making pretty collages!
4,"June 14, 2018", I freaking LOVE this app‚ù§Ô∏è!
5,"June 25, 2018", Easy and functional. Does what I want it to do.
5,"June 13, 2018", I love the differt collages I can create
5,"May 29, 2018", It is a very nice app loved it üíñüòâ
5,"June 15, 2018", Superb app... Very helpful to be creative with our photoes... üòä
5,"June 24, 2018"," I love this app, very easy to use!!!"
5,"June 10, 2018", Easy to do! I love it!
5,"May 21, 2018", Need more backgrounds but it's great
5,"June 11, 2018", Love it! So much room to be creative!
1,"June 6, 2018", Thank you for the best option-uninstall
5,"July 4, 2018", It is a good app to have and play with.
5,"July 18, 2018", I looove this app handy and creative .
5,"June 8, 2018", So much fun and easy to use!!
4,"June 29, 2018"," Good, easy to use and recommendable Good graphics"
5,"May 31, 2018", First time trying and its nice.
5,"June 3, 2018", It's good and amazing I loved it
4,"June 7, 2018", It's free. And user friendly
5,"June 12, 2018", For what I need it for it's Great!
5,"May 19, 2018", Amazing!!! You can make your own logo!!
4,"June 5, 2018", Its A Good App......Been Using It For Months....üòä
5,"June 11, 2018", Good for all agesüòäüòÄüòÅüòÜI love itüòç
5,"June 13, 2018", Perfect App for Greetings & Collages !! Loved it
5,"May 24, 2018", Having fun with my class photos
5,"May 28, 2018", You guys are the best app ever
5,"May 26, 2018", love it so much its the best
5,"May 26, 2018", Perfect for what o need easy to use
3,"May 26, 2018", It is good for school I think
5,"June 2, 2018", Fun! So so so easy to use! & FREE!
4,"June 7, 2018", I think thiss is relly cool
5,"June 17, 2018", Good game i love it its amazing
5,"June 20, 2018", Easy use good quality app
5,"May 19, 2018", Very user friendly. Love it!
5,"May 20, 2018", Very good to edit and mix pictures
4,"May 29, 2018", Amazing app has the best qualites
5,"June 5, 2018", This is a good one eat it boys
5,"June 6, 2018", I love this app it is simple and easy
5,"June 7, 2018"," Love it, super easy to use!"
5,"June 18, 2018", Pretty good at making cards or grids
4,"June 16, 2018", Perfect app for freestyle collage pics
5,"June 19, 2018", I absolutely love it easy to use
5,"June 15, 2018", Love it for gifts and cards for family and friends
5,"June 22, 2018", I love the way the app works
5,"June 2, 2018", Best collage app by far!
5,"May 22, 2018", Superb app :) really useful thanks.
5,"June 22, 2018", Great for anything you Like!
5,"May 24, 2018", Super intuitive and easy to use!
5,"May 26, 2018", Thank you for creating this app!
5,"June 21, 2018", Amazing and easy app to use!
4,"June 4, 2018", So far so good !
4,"June 10, 2018", I like it
1,"May 19, 2018", It sucks
5,"May 20, 2018"," Great app, easy to use!"
5,"May 24, 2018", It's easy to use. Love it!
4,"June 1, 2018", I like it
4,"June 3, 2018", Its ok
5,"June 5, 2018", Best app to collage all memories..
5,"June 14, 2018", So easy to use. Thx!
4,"June 15, 2018"," Simple, quick and easy to use."
5,"May 28, 2018", It is amazing!!!! I love it so much :)
4,"June 5, 2018", Decent app. Wouldn't pay off it.
5,"June 17, 2018", It's awesome that is what I was looking for
5,"June 22, 2018", Love making collages. Easy to use.
5,"July 2, 2018", Its a good collage maker appüòèüòè
5,"May 20, 2018", Perfect for cards and good wishes.
5,"June 13, 2018", Great for grouping photos togetherüòÅ
4,"June 13, 2018", It's fun interesting and creative
1,"June 7, 2018", It is the worst
5,"May 30, 2018", Such a good app for collage.
5,"June 3, 2018"," Quality images, easy to use"
5,"June 5, 2018", Love it...I use it often and love it
5,"June 12, 2018"," Very easy to use, lovely."
5,"May 18, 2018"," Love it, just an awesome app"
2,"May 22, 2018", Blah blah
4,"May 30, 2018", Stupid ads
1,"June 11, 2018", I hated it
5,"June 15, 2018", Very useful and easy to use.
5,"June 15, 2018", It is good and I liked it.
5,"June 21, 2018", This was fun and easy to use.
5,"June 23, 2018"," Simple, resourceful and on the go!"
5,"May 27, 2018", Want more free stickersüòä
5,"June 6, 2018", Love using this for special moments
5,"May 30, 2018"," Great app. Easy, fun to use."
5,"June 18, 2018", It's a good app overall
5,"June 14, 2018"," I love it, it's sooo cool‚ù§"
5,"June 20, 2018", Easy to use and lots of options!!‚ù§‚ù§
5,"June 8, 2018", This app is so goodüåà
5,"June 1, 2018", Great app. Easy to use
5,"June 13, 2018"," Great app, easy to use"
5,"May 21, 2018", I love it's so much
5,"June 8, 2018", I love the app I'm using
5,"June 5, 2018", I think its great üëç
5,"May 18, 2018", Easy to use and nice.... Tq so much..
5,"May 29, 2018", Love it! Great app üëçüèª
4,"June 30, 2018", Used to love it until updates
5,"June 17, 2018", I absolutely love this app
5,"May 19, 2018", I love everything about this app
4,"June 11, 2018", Love program easy to use
5,"May 21, 2018", This app is so helpful
5,"May 25, 2018", A real fun app
5,"May 29, 2018", I REALLY LOVE IT
5,"May 26, 2018", I made a fansign with it and it was good
5,"May 31, 2018", Amazing to nake memes!
4,"May 30, 2018", It is a really creative app
4,"June 1, 2018", Nice app and easy to use
5,"June 2, 2018", Best app among all
5,"June 4, 2018", Just love the app..Thanksüíï
5,"June 4, 2018", Love lovve live it good
5,"June 5, 2018", The best collage app
5,"June 6, 2018", Its awesome I recommend it
5,"June 8, 2018", I love it so much
4,"June 15, 2018", All around a good game
5,"June 15, 2018", very useful using it for years
5,"June 16, 2018", Great for E cards too
5,"June 24, 2018", Nice and easy good app
5,"June 21, 2018", Just great easy use
5,"May 23, 2018", Everything about this app is amazing!
5,"May 25, 2018", Love this app Great for collages
5,"May 26, 2018", Very good 4 memes
5,"May 29, 2018", Very good definitely install it
5,"June 3, 2018", So far so good
5,"June 10, 2018", I love it so much
5,"June 9, 2018", So far so good
5,"June 10, 2018", Love the pictures of my family
5,"June 16, 2018", It easy and very quick
5,"June 15, 2018", This app is pretty amazing
5,"June 15, 2018", I love this app!
5,"June 19, 2018", I love it so much
5,"June 21, 2018", This is an awesome app!
5,"June 25, 2018", Love it so far!
5,"June 27, 2018", I love it so much
5,"June 23, 2018", Awesome to use for friends and family
5,"June 26, 2018", Love the ease of use and variety
3,"May 19, 2018", Easy to use. Limited features.
5,"May 25, 2018", Its awsome!!!! I love it
5,"June 18, 2018", I LOVE this it is so helpful fir cards! ‚ù§‚ù§‚ù§‚ù§‚ù§
5,"June 15, 2018", It looks so cute as a wallpaperüòçüòçüòç
5,"June 24, 2018", Love it. So easy to use..
5,"May 27, 2018", I love it and heart emoji üòçüòç
5,"June 4, 2018", Love using this app!!
5,"May 30, 2018", Best collage making app ever ‚ù§‚ù§‚ù§
5,"May 29, 2018", This app is great a must have for memories üòçüòçüòçüòçüòç
5,"June 7, 2018", A good app with lots of features.....
5,"May 19, 2018", Is nice to be used‚úåüèªüíõ
5,"June 17, 2018", It's awesome and the best :)
4,"May 19, 2018", Amazing!
5,"May 30, 2018", one word (amazing)
5,"June 22, 2018", Pretty self-explanatory
5,"May 22, 2018", Good for being free‚ù§
4,"June 4, 2018"," Quick, easy and cool"
5,"June 9, 2018", I love this app!!!
5,"June 10, 2018", Really easy to use.
5,"June 29, 2018", Great and easy to use!!!
5,"May 19, 2018", I just loved it üòç
5,"June 1, 2018", I enjoy this app.
5,"June 18, 2018", It's a great app
5,"June 12, 2018", Great App. Thanks
5,"June 12, 2018", It's a superb app
5,"June 23, 2018", It's really good
5,"June 3, 2018", It's just great
5,"June 20, 2018", I adore this!!‚ù§
5,"May 19, 2018", I love this apppp üíïüî•üíßüñáüíó
5,"June 8, 2018", The best!
5,"May 28, 2018", I love it!
5,"May 21, 2018", Great App!
5,"May 18, 2018", Its user friendly too....
4,"May 24, 2018", Great app!
4,"June 1, 2018", It is fun!
5,"June 13, 2018", Great app!
4,"June 14, 2018", Great app!
5,"June 29, 2018", Great app!
5,"May 27, 2018", I really like it.üíûüíû
5,"May 30, 2018", It is awesome!
4,"June 13, 2018", Awesome features!
5,"June 23, 2018", Great with Twitter!
5,"May 19, 2018", Really easy to use
4,"May 24, 2018", Was easy to use
5,"May 24, 2018", This is so easy
5,"May 29, 2018", Good game recommend it
5,"May 30, 2018", Really good app
5,"May 31, 2018", I think amazing
5,"June 2, 2018", User friendly app
4,"June 10, 2018", I love this app
5,"June 8, 2018", I Love this game
4,"June 12, 2018", Pic collage is great
