1,"June 6, 2018"," This app is so ugly on an HD screen it's hard to articulate the absolute 
lack of appeal. The app is buggy, you can't adjust the text size in app, 
and even after buying the ""pro"" version you can't turn off all the 
superfluous nonsense in it. Waste of $0.99."
1,"July 6, 2018"," It keeps crashing relentlessly almost completely unusable. Update: it 
continues to crash I can't even open an attachment"
5,"June 20, 2018", Haven't used it yet. I'll get back later
4,"June 10, 2018"," I think the best thing about it is the fact that you don't have to get on 
Facebook and that is great for my 11 year old daughter whom has discovered 
that she can message her grandma and her friends."
5,"June 7, 2018", Quick fast & Reliable for all messages through messenger App.
5,"July 10, 2018", It a very good app for friends and family
1,"June 19, 2018", I lost all my sms I can't backup my sms
5,"June 8, 2018", Great way to keep in touch with family
5,"June 6, 2018", I like the emojis
5,"June 6, 2018", Ausom app
5,"June 6, 2018", Its nice
5,"July 11, 2018", Best app ever
4,"June 7, 2018", Good
5,"June 25, 2018", Great app!
3,"June 16, 2018"," The app is ok. But it keeps going off like I've sent texts and saying they 
can't be sent. Very annoying to hearing it beeping back to back none stop. 
Plus it says it offers caller Id where it would even show whose calling 
even if they're not I'm my contacts. Have yet to be able to even find that ...Full ReviewThe app is ok. But it keeps going off like I've sent texts and saying they 
can't be sent. Very annoying to hearing it beeping back to back none stop. 
Plus it says it offers caller Id where it would even show whose calling 
even if they're not I'm my contacts. Have yet to be able to even find that 
feature in the settimgs."
2,"May 23, 2018"," Uninstalled it due to freezes up too much & have to close & reopen on top 
of not liking how ads just pop up out of nowhere. Now I see what these 
people are talking abt the too much ads are annoying. Don't have any 
problems w/my Samsung Galaxy S8+ SMS but thought by installing this, I'd 
like the ...Full ReviewUninstalled it due to freezes up too much & have to close & reopen on top 
of not liking how ads just pop up out of nowhere. Now I see what these 
people are talking abt the too much ads are annoying. Don't have any 
problems w/my Samsung Galaxy S8+ SMS but thought by installing this, I'd 
like the extra features, which I ended up not discovering since it kept 
freezing on me."
2,"July 5, 2018"," no a very good app. can't clear a badge that says you have unsent messages 
when i have none. limited functions. looking for a better app. or I'll go 
back to go sms. and it want's full control over my phone, not going to 
happen!!! and don't even start about the ads.. just wow"
2,"May 19, 2018"," I paid for the premium a couple of months ago, had to do a system reinstall 
to my phone. When I reinstalled this service and logged in my paid premium 
service was gone. Now I have to deal with all these dumb ads that shouldn't 
be in a TEXTING service!! Looking for a new alternative."
4,"May 30, 2018"," App works well, sends multimedia etc. One thing that could be fixed, when 
texting a group theres no way to click the banner on names in the 
conversation to see who's all in it. If their name isn't included in the 
banner then you don't know."
4,"May 14, 2018"," Great App, love the private mode! It's so perfect once I figured it out. I 
keep getting an error message, saying my message was not downloaded, tap to 
review and retry but when I tap, nothing shows. This worries me as I think 
I might be missing mms texts. Anyway, you get a 4 for effort as it's gr...Full ReviewGreat App, love the private mode! It's so perfect once I figured it out. I 
keep getting an error message, saying my message was not downloaded, tap to 
review and retry but when I tap, nothing shows. This worries me as I think 
I might be missing mms texts. Anyway, you get a 4 for effort as it's great 
app but pls look into these concerns."
3,"June 18, 2018"," Not bad. Has some nice features like scheduled send and I did buy the PRO 
version to get rid of the annoying ads. Found it best to turn off some 
features like caller ID as they felt a bit like bloatware. Not yet good 
enough to replace the stock Android ""messages"" app but I'll keep checking 
back ...Full ReviewNot bad. Has some nice features like scheduled send and I did buy the PRO 
version to get rid of the annoying ads. Found it best to turn off some 
features like caller ID as they felt a bit like bloatware. Not yet good 
enough to replace the stock Android ""messages"" app but I'll keep checking 
back for updates and will use it from time to time for some specific 
features (like delayed send). Would give it 3.5/5"
4,"May 30, 2018"," I really thought that it supports dual sim. I'm a little bit disappointed 
after paying ‚Ç±50 and found out that it's not what I think it is. However, 
everything is functioning properly. I'm looking forward to the next update, 
hopefully it'll supports dual sim. Please! üôè"
3,"July 3, 2018"," The only reason I like this app is because I can use mms. Having problems 
with the notifications. Can not delete a private message and therefore 
always have one notification .tried everything to delete but unless I turn 
off notifications it is always there"
4,"July 4, 2018"," I love it so far!!! The only issue I have with it is that it won't send 
pictures to my friend and I'm not sure why. It just keeps saying ""can't 
send at this time. To many unsent multimedia messages""."
1,"June 28, 2018"," You guys still haven't figured it out. I love this app, it's beautiful, but 
what's the use if I can't USE IT??? It keeps saying messenger has stopped 
responding. I am so sick of having to go back to my default messaging. 
FIGURE IT OUT!! I am uninstalling this and finding a BETTER app!!"
2,"June 19, 2018"," This is NOT the right texting app if you're looking for the usual Google 
messenger app! This one is so worried about offering you sooo many options 
that the keyboard is too small, it sends unfinished texts and who knows if 
anything is spellchecker or even the word you typed since it keeps putting...Full ReviewThis is NOT the right texting app if you're looking for the usual Google 
messenger app! This one is so worried about offering you sooo many options 
that the keyboard is too small, it sends unfinished texts and who knows if 
anything is spellchecker or even the word you typed since it keeps putting 
in it's own! NO I haven't been able to change it back to the regular old 
app but once I do changing it ASAP!! >XP"""""
1,"June 25, 2018"," I could not send or receive group texts. I could not find a way to get help 
from the developer. I even bought the upgraded app, but the only benefit 
was the removal of ads, which was good, but I still can't send or receive 
group texts! This could be a good app if these issues could be solved."
1,"June 1, 2018"," I upgraded to pro! Just took the money out of my account!... Nothing 
happened! Im trying to avoid your annoying ads!"
4,"June 4, 2018"," To many. ADDS ALL OVER THE PLACE PLEASE JUST RUN ADD I WOULD LIKE AFTER 
LOOKING AT MY PROFILE THANK YOU"
1,"July 9, 2018"," Poor quality. Constant errors. Upset family, friends and business 
associates, because I'm not receiving messages. Save your money, time and 
frustration."
1,"May 24, 2018"," I CAN'T EVEN ANSWER MY PHONE BECAUSE OF THE ADS! JUST HOW STUPID IS THAT!! 
ü§î"
5,"July 12, 2018"," This app is awesome. Yeah it has some ads but the pro version without ads 
in one dollar. ONE DOLLAR. I never review apps but I had to review this one."
1,"June 11, 2018"," I try to sign in to use this app and as soon as I enter my name it just 
stops working. POS!"
3,"July 10, 2018"," Don't know how to use it everything wants new emails and passwords so I 
stopped trying"
2,"July 14, 2018"," Like the graphics but don't like the add pop ups. I don't get any of my 
pictures at all. Uninstall it"
5,"June 11, 2018"," I was looking for a new messenger app, that I can green message app.. use 
with Facebook if and when I chose to do so, but I rarely use the other 
message apps, because they over lap, and you can't uninstall the"
5,"June 16, 2018"," I really love this messenger sms app, I'd just downloaded yesterday and 
it's pretty awesome, very easy, And more things you can do that's faster. 
You got five stars from me.üòäüñí"
5,"May 31, 2018"," This is the best app out there. Everyone Should Try It. Ned Steiner Bland 
Mo."
3,"June 12, 2018"," I'm a silver surfer (oap) new to all this IT and especially Android, I text 
or call my friends don't have to bee family everyday so find it really 
useful as u don't have to be on FB"
5,"June 27, 2018"," Best messaging app to date.. Have tried textra. Google... And all other 
apps over the years. This is the best one hands down"
3,"June 26, 2018"," Not bad it has just about everything which is probably y it's a 51mb 
download and it would be cool if you could search for specific gifs instead 
of going through what's already there but all in all it's pretty good ZTE 
Blade Spark"
1,"July 4, 2018"," The ads are far too many.. I am not interested in the ads. If they keep 
appearing on the screen I will not be using messenger anymore."
5,"July 10, 2018"," Love all of my family, but when they blamed my heart attack and blood clot 
on drinking, when actually it was all the masonry work that I work every 
seenseiwas19yearesold it was the mortar dust"
1,"July 14, 2018"," Worst app ever too many pop-ups takes you places you don't want to be and 
you can't get out of it horrible"
5,"July 25, 2018"," I think if any of these app asking me to follow them after they are left up 
they feet to go in labelled I can do that if all the mediation are setup. 
But I would like to test if that internet is good."
1,"July 9, 2018"," Poor quality. Constant errors. Upset family, friends and business 
associates, because I'm not receiving messages. Save your money, time and 
frustration."
5,"June 19, 2018"," Love it. I love the gifs,stickers and emojis. My friends and I often talk 
with those. Not ever needing to use words sometimes."
5,"June 3, 2018", I like it so far! Just got it I will let you all know if problems occur!üòâ
4,"June 25, 2018", I would give it a 5 but I can't receive pictures well so a 4 star rating
1,"June 11, 2018"," I try to sign in to use this app and as soon as I enter my name it just 
stops working. POS!"
1,"July 18, 2018"," Ok so it's basically like the app u get free on ur phone called messaging 
it's honestly dumb"
1,"May 24, 2018"," I CAN'T EVEN ANSWER MY PHONE BECAUSE OF THE ADS! JUST HOW STUPID IS THAT!! 
ü§î"
4,"July 5, 2018"," I'M not really good at making those things,I only received messages from my 
account."
5,"July 22, 2018"," I gave this app a try again and the ads were not too bad but my phone 
started running a little slow but overall it's a pretty decent app"
3,"July 10, 2018"," Don't know how to use it everything wants new emails and passwords so I 
stopped trying"
1,"June 24, 2018", Its Stupid because you can't do anything and t has your real contacts
1,"June 19, 2018", Its bad ! Too many ads .. Please fix it wasted time
5,"May 14, 2018"," Honestly i just got this app so I'll refrain at this time, and I'll get 
back with you soon"
4,"June 7, 2018", I like it so far I only had it for a week give me time to adjust to it
5,"June 18, 2018"," If you want to see how useful this app is just wait until you really need 
it... Very very helpful making calls and Video message's.Yeah....!!!!"
1,"May 18, 2018"," I got this app to save my msgs from my dead father before I rebooted my 
phone on factory mode . They were saved but when I went to get them they 
were gone . I've emailed the company on many occasions and they've never 
got back to me"
1,"June 23, 2018"," too many ads...changed a lot on my phone. unnecessary changes appeared on 
my browser and lockscreen."
4,"June 20, 2018"," Nice and lovely but its got a lot of ads, which slows down my phone"
5,"July 22, 2018"," Trying to download it again. Had it before. Problems with phone made it 
disappear. Hope it works out"
5,"July 12, 2018"," It's okay. I liked my original one better, but it may be that I have got to 
get used to this new one. We'll see and then decide. Thanks"
1,"May 27, 2018", Stupid pop up adds are annoying went back to old message app
2,"July 22, 2018"," Pro version still showing ads from Uber, Wish etc. No response from 
developer"
1,"May 18, 2018", The ads are driving me crazy!!
4,"May 11, 2018", Still trying to get used to using this app. Can be confusing some
2,"July 12, 2018", No thank you don't need it so stop texting me
5,"July 5, 2018", Ok it's better than my current app
5,"May 16, 2018", I love it I was talking to someome one and. Suddenly went off
4,"June 8, 2018"," I am new at this so mistakes will be made,thankyou."
4,"June 16, 2018"," Don't really know how it works, so can't honestly review!! Apologies."
5,"July 10, 2018", I can't text on this app. Can you please fix this problem.
1,"June 22, 2018", Terrible it took over like virus on my phone now.
5,"July 1, 2018"," I am really enjoy this app it works perfectly for me, keep it up. God bless 
you. From Kwadwo Abraham, Ghana Techiman Born Ahafo Region.Thank you."
1,"May 30, 2018", The icon is worst to show me 9 msgs in red.
1,"June 30, 2018", Fake App.. Couldnt send a message. Do not download üò§
1,"July 18, 2018"," Can't do picture messaging... Can't send anything. Not good, 1 star."
5,"May 29, 2018", Hate all the pop ups since I got the app
4,"June 14, 2018"," The app is great would rate five üåü s but it's to many ads and pop ups that 
is all."
1,"June 20, 2018", It was annoying and something kept popping out of my screen
5,"June 27, 2018"," Best messaging app to date.. Have tried textra. Google... And all other 
apps over the years. This is the best one hands down"
4,"May 28, 2018", Okay I'd like to find my lost photo's
5,"May 29, 2018", i thik this app is great for makig new frieds
1,"July 18, 2018", I hate the ad's and can't return to where I want to go.
1,"May 12, 2018", Twice this app sent messages to the wrong contacts. Garbage
5,"May 14, 2018", Confused and can't print any agreements from my phone
2,"May 27, 2018"," Didn't work properly on my S3. Slow to install and very bulky for the S3 
system."
5,"June 18, 2018"," Good information and, keep family members  close. Reopen my messenger app page."
2,"June 26, 2018"," What is with all the ads? if you want me to leave tell me up front about 
all the junk that comes with your good program!"
4,"July 15, 2018", It's a very good application..üëçüèª
5,"May 22, 2018", I like it for messaging and that I can talk instead of type.
5,"June 14, 2018", Well it is ok when you want to talk
3,"June 21, 2018", I like the apps just too many ads!
5,"May 17, 2018"," Hello there I like pop up feature so can you guys upgrade that feature like 
an example for in the morning say ""hello 'name' good morning "" like this"
4,"May 21, 2018"," Would like it back had to uninstall the one I had cause it showed Facebook 
in it with my pics"
4,"May 10, 2018", I like it but want unnecessary adds to be fixed
1,"May 9, 2018", Sucked way too many ads navigation is horrible
3,"June 16, 2018"," Just started using, will come back later to rate again. Good so far."
1,"June 27, 2018", Having problems to contacting my friend
3,"June 8, 2018", I can't see were I can switch sim card
5,"June 27, 2018"," I need more info about app. I'm new to computer technology and need all the 
help I can get but so far I love it."
5,"June 29, 2018"," Iove this Only issue you ads constantly pop up cover whole screen But__I do 
like this site Pamela"
1,"May 23, 2018", It takes over my messages without my consent
5,"July 12, 2018"," This app is awesome. Yeah it has some ads but the pro version without ads 
in one dollar. ONE DOLLAR. I never review apps but I had to review this one."
2,"July 20, 2018"," Wouldn't let you wildcards for blocking a range of numbers like my old app 
did. No way to stop the sms spammers."
4,"June 23, 2018"," Easy to use. Why does message plus compete with this app for default 
message service?"
5,"May 13, 2018"," Well I'm having such a hard time figuring this stuff out so I. Jus gonna 
fallow instructions on everything."
4,"July 9, 2018"," Pretty decent I like the themes the ads are annoying tho so I just paid for 
pro 99 cents worth it tho"
5,"June 10, 2018", This app does everything I wanted and then some. Easy to use.
5,"May 18, 2018", nothing More to say then awesome app
5,"July 25, 2018", I like sex chat with me video and pictures
5,"June 12, 2018"," Great texting app! Unlike the one that came with my phone, this one allows 
me to set Timestamp Camera Free as the app to send pictures!"
1,"May 11, 2018", can't evaluate app keeps crashing
4,"May 29, 2018"," I haven't explored this Messenger App in its entirety, but so far I'm 
liking it. Except, for so many ads, so far so good!"
3,"July 19, 2018", To many app to go threw.
4,"June 12, 2018", Really Good app but ads are annoying
5,"June 10, 2018", I'm just getting used to this !
1,"May 12, 2018", SPYWARE. DO. NOT. INSTALL. YOU HAVE BEEN WARNED.
1,"June 13, 2018"," DON'T DOWNLOAD THIS LIKE IT BASICALLY TRIES TO REPLACE UR REGULAR MESSAGING 
APP"
1,"June 27, 2018", STOP trying to put this on my phone
3,"May 13, 2018", Lot of adds I hate it.‚òπ
5,"July 17, 2018"," It's good but have other advertisement that are attached to it and I find 
them disturbing"
5,"July 15, 2018", You're too long-winded
4,"July 21, 2018"," Okay,but the ads are a pain"
2,"June 18, 2018", It wants to access and change my Google Drive. You have NO RIGHT!
3,"June 16, 2018"," Has ads, very annoying"
5,"May 11, 2018"," This is the best, until you can get BETTER PROGRAM RESULTS - APPS & ECT..."
4,"June 20, 2018", The notifacation is a let down...üòÇüòÇüòÅ
5,"June 17, 2018", This app make my phone So colour and morderate
4,"July 3, 2018"," I just got it so I'm not sure. I don't like opening up to an ad that's for 
sure"
3,"July 7, 2018", When i switch off my phone i did not get txt after switch on
2,"May 26, 2018", Ads are way too annoying
5,"May 27, 2018", My computer very slow
5,"June 5, 2018", I wish I could clear something so I could get this app please help
5,"June 12, 2018"," I think that u should make the picture of emjo free madayla some people 
will like it"
3,"May 27, 2018", All I want her messages not all the the rest of the stuff all
5,"June 9, 2018", Is a great app but freezes at some point..dunno know why
2,"June 5, 2018", Where I find all my telephone nobs.on messenger I had in my old messenger?
1,"June 4, 2018"," This is. A waited time. What about. If. You phone is not linked to the 
other phone..? Youre done."
5,"July 11, 2018", I love the app
5,"June 13, 2018", Nice app. Just getting started with it but hey so far so good! Woohoo yay!
5,"July 20, 2018"," It's awesome to text your friends and send funny pictures to them. I LOVE 
THIS APP!!!!"
4,"May 22, 2018", I like the app but god the ads should stop
5,"June 16, 2018", I like the app because I can contact my frienfs
5,"May 16, 2018", It's just Works Well but the Ads Must Stop
5,"July 7, 2018", Rose Marie Lennon Thank you so very much.
5,"July 11, 2018", Some time s you eat the bear and a sometimes the bear eats you
5,"July 3, 2018"," Really done well to society at large with this app. Through New to it am 
enjoying every bit of it."
5,"June 5, 2018", I Like This App its Good to Kep In Touch With Family and Friends
4,"June 25, 2018"," It does everything and more but there are some adds other than that really 
cool"
5,"June 27, 2018"," I enjoy using these apps and i learning more how to. Use them. Thank you 
very much."
5,"July 19, 2018", the page jumps to another while trying to write a text
5,"June 3, 2018"," I justed started using this app & so far I liked it very much is easy to 
used."
5,"June 18, 2018", I love the way it seat up it's help me to get what I want Thank u.
5,"July 4, 2018"," Its worth it and save my data, airtime also"
5,"May 24, 2018"," Fun and full of the features that I want like scheduled messages and wall 
paper and emojis."
5,"June 6, 2018", I like this app an I will remain an actual user of this app
5,"June 28, 2018", Really great app just a lot of advertising but when it's free u have those
4,"June 4, 2018", Just signed on and have not used it yet
5,"July 7, 2018", Think I've already said how much that I lv this app?
5,"May 27, 2018"," Its the most awsome app for texting is fun and easy to manage so thanks for 
an app like this."
1,"June 10, 2018", Won't synch all my text messages
5,"June 11, 2018", Its good but cant send gifs or screenshots or anything other then text
1,"June 26, 2018", I just don't like it I'm new to this device
5,"July 13, 2018"," This app is 90 %perfect, I prefer it and I recommend all of you to download"
5,"July 19, 2018"," Easy to use, nice interface with good features. Nice work developer !"
1,"July 9, 2018", Installed and opened a virus alert. Uninstalled ASAP.
3,"May 20, 2018", OK just get up in BBB
5,"June 3, 2018", Seems to been A lot Bette
3,"June 4, 2018", Trying to access bout this downloaded messenger
4,"July 19, 2018", I would appreciate if the news thingie would not clutter up my messages
5,"June 20, 2018"," i like being able to change themes whenever i want to. good variety of 
choices"
5,"June 25, 2018"," I am doing well at the age seventh and learning how to use this stuff an 
texting."
5,"May 26, 2018", Lets you do what its ment to do.
1,"June 6, 2018"," To many ads,very frustrsting"
4,"June 7, 2018", I'm new to this app. but so far I like.
1,"July 19, 2018", Just adds. Do not install
5,"July 7, 2018", You can us this app to search and so much more Google You are seft .
5,"July 11, 2018", It's a way to get messages on FB.
5,"July 12, 2018", Well it's ok 2 me ilive
5,"July 11, 2018", I LOVE this all but I wish there weren't as many adds thou
3,"July 2, 2018", I no nothing about this app
5,"June 28, 2018", I've just started using it so I'm sure how good it will be yet
1,"July 9, 2018", Can't get rid of the ads
4,"July 16, 2018", It's a OK app for messages
4,"May 15, 2018", I think that app is ok
5,"June 17, 2018", Upp date my acont
5,"June 17, 2018", Chatting with friends and family members
5,"July 17, 2018", i like its pernoal box
5,"July 21, 2018", Ewer you ring me
5,"July 18, 2018", Like the app helps on android
4,"May 16, 2018", Fair to partly cloudy
3,"May 18, 2018", THIS IS STUPID
5,"May 22, 2018"," Just started using , can use some tools to connect with people"
2,"June 6, 2018", It soooo BORING
5,"July 11, 2018", Thanks see u later! !!!
5,"June 23, 2018", I love it because I can get the cutest keyboard
5,"July 4, 2018", It is okay so. Far
5,"May 30, 2018", I like this app. Very much.
5,"July 1, 2018", Not sure
5,"May 24, 2018", I'm enjoying having this app. It makes it much easier
5,"June 24, 2018", Always liked messenger have rung my friends in Tenerife off it
5,"July 5, 2018", Great help provided this sites but it could be if shoows thevletterdvonly
4,"July 7, 2018", I like the app but I do not like the poo up adds.
5,"July 14, 2018", I love this theme brings out the person inside if me
5,"July 7, 2018"," I love it, it's awesome making my chat sweet look"
5,"May 12, 2018"," I use what's app for messaging but I do prefer this app for when I have to 
use standard messaging"
5,"May 18, 2018"," I love this app, I really do. thank you so much."
5,"June 21, 2018", I love all apps I just think they are really nifty
5,"June 21, 2018", Works great! Big improvement over the one that cane with the phone
5,"July 11, 2018", I communicate more with friends and loveones than before I had this app
5,"July 17, 2018", Of the truth I like the app. It is unique. Keep the flag flying.
5,"July 24, 2018", We see how this works.
5,"May 11, 2018", I luke it.I like it
5,"May 22, 2018", Worth a go!
5,"May 26, 2018", The truth!
1,"June 3, 2018", Can't send videos
5,"June 3, 2018", I love to using sms app on everything are very niceüòä
1,"June 6, 2018", Don't like the app
4,"June 11, 2018", It's good cuz tables come this app made for it fantastic
1,"June 26, 2018", U don't want this
5,"July 8, 2018"," Easy to use, nice application sceen looks better than any where ....."
4,"July 14, 2018", I just like what I saw..
5,"May 21, 2018", Nice one
5,"May 22, 2018", It works better than any phone I've usrf
1,"May 28, 2018", Doesn't work
3,"June 28, 2018", Not used much.
5,"June 30, 2018", I don't think
5,"July 14, 2018", I like this app because i can use all time
5,"May 16, 2018", I like it
2,"May 23, 2018", It stinks.
4,"June 2, 2018", Just talk on messenger
5,"May 15, 2018"," Still new, but no problems so far"
3,"May 13, 2018", Taking long to respond
3,"May 15, 2018", Very useful app helps get around a lot easier..
5,"May 19, 2018", Needs less ads
5,"May 24, 2018", I think ok
5,"May 29, 2018", Keeps me in touch
1,"May 29, 2018", Will not upload
5,"June 2, 2018", Get rid of afd
5,"June 3, 2018", Music is my passion
4,"June 6, 2018", You can white
5,"June 8, 2018", Classic app he
3,"June 9, 2018", I lyk 8
5,"June 14, 2018", I think that this app is just wonderful I've tried it and I love it thanks
5,"June 30, 2018", Greater than my own experience in this case it is the best!
5,"July 4, 2018", I like everything
4,"July 9, 2018", Sometime is not responding
5,"July 11, 2018", Text my mom
5,"July 14, 2018", AMIT BHADANA Gangster
4,"July 17, 2018", Just started using it
3,"July 20, 2018", Getting use too it
5,"June 12, 2018", Hit is nice to get messages when on the phone. Gonna love it
5,"June 9, 2018", It is a really good app to use for almost anything.
5,"July 4, 2018"," Easy to use, and not connected where I don't want it to be."
5,"July 15, 2018", Love this app. But wish it would work with Facebook
5,"July 7, 2018", Yes!
5,"July 20, 2018", Learning to use this app but I really like it.
5,"July 19, 2018"," Very nice... Specially for OFW's... We can send and recieve messages for 
free..."
3,"June 4, 2018", Too much ad's I think Thanks again
5,"June 18, 2018", It's nice coz have got my privacy
5,"June 26, 2018", All. This. Renting. Someone. Needs. A Lot. Of. Help.
5,"May 23, 2018", Useful app just pls cut de ads
5,"June 16, 2018", Its the best I have used so far
5,"June 24, 2018", This app is great but too many ads
5,"June 23, 2018", Its probably the best social activity app i kmow
5,"June 25, 2018"," So far, so good. I'm 1 week new."
5,"June 29, 2018", This was very/ üëç
5,"July 11, 2018", I think everyone will be happy to use this app
4,"July 19, 2018", Good nice and colourful compared to default Samsung app
3,"May 21, 2018", What's the point
4,"June 24, 2018", Just got started on useing it. still learning features.
5,"July 2, 2018"," Excellent app. I use it all day, everyday."
5,"May 12, 2018", I love this app. Just to many apps showing.
5,"July 3, 2018", Getting used to it nice
5,"May 16, 2018", I will recommend this app to my friends.
5,"May 26, 2018"," I like it, its a nice app to message from"
5,"July 10, 2018", It's a okay
5,"June 19, 2018", I think it's going to work out OK
4,"June 24, 2018", I like it.
5,"June 26, 2018", No. Thank you. Have fun with this app!
5,"June 23, 2018"," It is a God send,thanks...."
3,"June 28, 2018", It's good but too many ads
5,"June 30, 2018", Really good and very amazing. Love it!
5,"May 18, 2018", I really like the backgrouns for the keyboars and themes
4,"May 27, 2018", It is good to do texting within app
5,"May 29, 2018", I like the app it is so great to use
5,"June 28, 2018", Ok
4,"July 7, 2018", Liked it but some messages arent recieved
5,"July 11, 2018", Good app but the ads needs to go
5,"July 25, 2018", Thanks again for all your help and support
5,"June 13, 2018", I love it i don't know what to say
3,"June 27, 2018", Too many ads. :/
5,"May 16, 2018", IT'S A GREAT APP TO DOWNLOAD üëçüëç!
5,"May 16, 2018", I like this application it's very interesting
4,"May 24, 2018", It's ok
4,"June 3, 2018", It's ok
4,"June 14, 2018", its apps good condition for Chat & message
4,"July 15, 2018", It's ok
4,"May 27, 2018", Just getting started but hope it'll be good!!!!
5,"June 6, 2018", Is currently using the app and im lovin it :-)
5,"June 11, 2018", It is fun to use it and I like it.
5,"July 1, 2018", Works well! I know I'll love this!
5,"July 14, 2018", Messaging facility available like private box... Awsome!!!!
4,"May 14, 2018"," Good app, but with many ads"
4,"May 25, 2018", I like it! It's really good!
5,"June 17, 2018", Coolest thing ever
5,"June 2, 2018", Downloading now
5,"May 13, 2018", This app is Great for everything!
5,"May 11, 2018", Keeps me close in real time
5,"May 14, 2018", LOVE THE APP AND THEMES
5,"May 18, 2018"," I like, its good app"
5,"May 28, 2018", Easy to use and I enjoy it love it
5,"June 2, 2018", This is cool. I love it!
5,"June 4, 2018", Easy to use for a dinosaur like me
5,"June 17, 2018", I love the w as waterproof mode
4,"June 20, 2018", Better than the standard sms App
5,"June 23, 2018", Love fishing Recommend 10 stars
5,"June 24, 2018", Great app give us more
5,"July 8, 2018", It is a great app cep it up
5,"July 14, 2018", Keep up the good work Thanks
4,"July 16, 2018", Thanks very much Great help
4,"July 18, 2018", I love this App it is much improved
5,"July 22, 2018", You should absolutely get this app
5,"July 24, 2018", Yes messenger is good to use in communication
3,"May 13, 2018", Its worth
5,"May 12, 2018", just installed
5,"May 20, 2018", I like it
4,"May 17, 2018", Ok I
4,"May 20, 2018", I like it
3,"May 19, 2018", It is ok
5,"May 22, 2018", Sylvester sanchez
5,"May 23, 2018", earthathopson59gmailco m
5,"May 25, 2018", Removing the ads
4,"May 27, 2018", I like it
5,"June 2, 2018", It is ok
5,"June 2, 2018", Ll ap
4,"June 7, 2018", I like it
5,"June 6, 2018", Thank you very much ¬Æ{T.M.H.}¬∂
5,"June 6, 2018", I think i will enjoy!
5,"June 18, 2018", I like it
5,"June 12, 2018", Hope so
3,"June 20, 2018", Its okay
5,"June 23, 2018", Nicly done
5,"June 29, 2018", not sure
5,"June 29, 2018", I love all the extras!
5,"July 2, 2018", Looking forward
5,"July 2, 2018", Thanks for the update
5,"July 7, 2018", I like it
4,"July 9, 2018", Like it a lot
5,"July 14, 2018", I like it
5,"July 16, 2018", I like it
4,"July 24, 2018", I like it
5,"June 18, 2018", Very good keep up the good work
5,"June 22, 2018", Great app. Thank you for building this.
5,"July 5, 2018", I think this app is great I love it
5,"July 10, 2018", Its way past cool!!
4,"June 9, 2018"," Hoping it works,love the themes"
5,"June 15, 2018", What's app is cool and convenient
5,"July 16, 2018", It works good on my phone
5,"May 20, 2018", Its a relly good app I love it üëçüëçüëç
4,"May 22, 2018", More entertaining than I üí≠
5,"June 8, 2018", Slow app
4,"June 11, 2018", Confusing sometimes
5,"June 19, 2018", Love. It I'm love it love it
4,"June 18, 2018", Waste advertising
4,"June 20, 2018", It's a good app for a senior.Thanks.
5,"July 1, 2018", Keep it coming nice app.
5,"June 16, 2018", It's a very useful app.
5,"July 13, 2018", It's the best app ever
5,"July 5, 2018", Great App. I like it
5,"July 12, 2018", Best app I love it.
5,"July 23, 2018"," Awesome, just love it!"
5,"May 28, 2018", So far so good!!!
5,"May 11, 2018", Its the best app ever...i love it!!!
5,"May 27, 2018", So far so good üëç
5,"May 12, 2018", Remove adds and i i love this apps üòòüòòüòò
5,"June 6, 2018", It was excitingly good!
4,"June 12, 2018", Does wonderful things
5,"May 11, 2018", Its kool so far
5,"May 18, 2018", This is a great texting app
5,"May 18, 2018", Love this app thank you
5,"May 30, 2018", Hope it makes life easier
4,"June 1, 2018", I think this apps is good
5,"June 11, 2018", Your great good job
5,"June 10, 2018", It is really easy to use
5,"June 9, 2018", Texting w works great
2,"June 13, 2018", I prefer the normal messenger
5,"June 12, 2018", I love it its good
4,"June 13, 2018", Needs more internet connection
5,"June 20, 2018", I think it a good app
5,"June 23, 2018", I love it very much
3,"June 26, 2018", This is good new tech
5,"June 27, 2018", The app is very good
5,"June 30, 2018", I love it So much
5,"June 29, 2018", very nice application i love it
5,"July 4, 2018", Good one personal conversation
5,"July 3, 2018", This is just an amazing app
5,"July 8, 2018", Great time using the page
5,"July 8, 2018", I like it easy to use
4,"July 9, 2018", Very good social network
5,"July 15, 2018", Is OK I love it
4,"July 11, 2018", I really like this product
4,"July 21, 2018", Nice and quick I like that
5,"July 21, 2018", Its so nice i like it
5,"May 14, 2018", Think it's gonna be cool.
5,"May 23, 2018", Nice app. It has all needings.....
5,"June 6, 2018", Like üíó
5,"May 11, 2018", I'm loving this App!!!
5,"June 17, 2018", Great work. Thank you.
5,"June 28, 2018", Its üòé
3,"June 29, 2018", Okay... Cool themes. Ads though.
5,"July 21, 2018", I love this it's awesome
5,"May 13, 2018", I think it's cute.
5,"June 5, 2018", It's very good!!!
5,"June 15, 2018", Nice and easy to use.
5,"July 19, 2018", Awesome thank you .
5,"May 12, 2018", I love this app.
4,"May 24, 2018", Pretty good app.
4,"May 31, 2018", It's a good app
4,"July 18, 2018", It's easy to use
5,"May 12, 2018", ThanksüôèüòòüòÜ
5,"May 22, 2018", It's just good
4,"June 13, 2018", Good
5,"June 29, 2018", It's good app
5,"June 10, 2018", It's good app.
1,"June 29, 2018", I just haaaatttteee this appüëøüëøüëøüëøüëøüòàüòàüòàüòàüëøüëøüëøüëøüëøüëø
5,"July 2, 2018", I'm just learning.
4,"June 3, 2018", It's good!
5,"June 26, 2018", The best!
5,"July 1, 2018", GREAT APP!
4,"July 11, 2018", It's good!
5,"July 16, 2018", Cool keyboard themes!!!!!‚ô•‚Äø‚ô•
5,"May 21, 2018", Love it Great!
3,"June 25, 2018", Well
4,"June 26, 2018", Nice to use !
5,"July 8, 2018", Awesome app!
4,"May 12, 2018", Easy to use..goodüòç
5,"June 18, 2018", It's Awesome!!!
5,"June 8, 2018", So far so good...
5,"July 2, 2018", It's cool it's fine
5,"May 11, 2018", Simply the best!!
5,"May 15, 2018", It is good and fun
5,"May 17, 2018", Hi LOVE this game
5,"May 17, 2018", Ir a good app
5,"May 20, 2018", I love this app
5,"May 17, 2018", I love this apps
5,"May 18, 2018", Its really nice
5,"May 20, 2018", Great message app
5,"May 24, 2018", It is so cool
5,"May 23, 2018", It so cool
5,"May 27, 2018", its a good app
5,"May 31, 2018", Excellent for my purpose
5,"June 2, 2018", Messenger is easy to use
5,"June 2, 2018", This app is useful
5,"June 14, 2018", Not bad at all
4,"June 18, 2018", I love messenger
3,"June 13, 2018", Its a cool app
4,"June 24, 2018", Very good app
5,"June 26, 2018", Very entertaining Thanks
4,"July 15, 2018", It works great
4,"July 15, 2018", Nice and very accurate
4,"July 18, 2018", Vry Vry nice app üòçüòç
4,"July 23, 2018", Good for sending message
5,"July 24, 2018", I enjoy both
5,"May 29, 2018", So far... so good.
4,"May 18, 2018", Great app convenient Great app convenient
1,"June 28, 2018", Ehh..
5,"June 29, 2018", Its great!!!
5,"July 7, 2018", Very nice appü§™ü§™
5,"May 12, 2018", Entertainment
5,"May 17, 2018", Thanks
5,"May 19, 2018", No
4,"May 18, 2018", Ok
5,"May 22, 2018", Ok
5,"May 26, 2018", All
1,"May 29, 2018", ho
4,"May 30, 2018", Like it
3,"June 4, 2018", Thanks
5,"June 9, 2018", Thanks
5,"June 9, 2018", Thanks
5,"June 12, 2018", Thanks
5,"June 15, 2018", Yes
5,"June 22, 2018", Like it
5,"June 20, 2018", Nothing
5,"June 20, 2018", Od
5,"June 25, 2018", I is
5,"June 27, 2018", High
5,"June 27, 2018", Like it
5,"June 27, 2018", Okay
5,"July 5, 2018", thanks
5,"July 6, 2018", Nothing
5,"July 7, 2018", Excellent! ‚ò∫
5,"July 7, 2018", Nothing
5,"July 9, 2018", Ace
4,"July 14, 2018", Testing
5,"July 11, 2018", Boo
5,"July 11, 2018", Ace
5,"July 16, 2018", Ok
5,"May 22, 2018", Beautiful app.... Download fast.....
5,"June 11, 2018", It's different
5,"July 9, 2018", I love itüòÄ.
5,"June 3, 2018", LOVE as we'll
5,"June 14, 2018", It is great.
5,"May 18, 2018", It's awsome
5,"May 23, 2018", It's great
5,"May 17, 2018", Very good.
4,"May 22, 2018", It's great
5,"July 2, 2018", It's great
5,"July 8, 2018", It's great
4,"July 16, 2018", Its Nice üòç
5,"June 11, 2018", Good appüëç
5,"July 15, 2018", It's good
5,"July 21, 2018", It's cool
4,"July 17, 2018", It is good ..
5,"May 26, 2018", Good
5,"June 14, 2018", Love this app...
5,"June 25, 2018", Fabulous!
5,"May 30, 2018"," Wonderful, Plus :-) ;-)"
5,"May 16, 2018"," Amazing, fun app******"
5,"May 18, 2018", üòÄ
5,"May 30, 2018", üòç
5,"June 27, 2018", üíò
5,"May 10, 2018", Good ap
5,"May 12, 2018", Very good
5,"May 14, 2018", Great job
4,"May 16, 2018", Easy to download
5,"May 16, 2018", Vv nice
5,"May 17, 2018", Its awesome
5,"May 20, 2018", Love the app
5,"May 20, 2018", Love the pretty
5,"May 22, 2018", Different icons
4,"May 22, 2018", Great app
5,"May 24, 2018", Great love it
5,"May 25, 2018", Non commit
5,"May 24, 2018", Very good
5,"May 27, 2018", Nice one
5,"May 28, 2018", Its good
5,"May 26, 2018", good app
5,"May 28, 2018", Its great
5,"May 30, 2018", I love
5,"June 3, 2018", Very nice
5,"June 9, 2018", I love it
5,"June 8, 2018", Good app
5,"June 9, 2018", Awesome app
5,"June 9, 2018", Great stuff
5,"June 14, 2018", I love it
5,"June 12, 2018", I love it
5,"June 14, 2018", Still learning
5,"June 20, 2018", It great
4,"June 22, 2018", Happy joy
5,"June 20, 2018", Nice jewelery
5,"June 25, 2018", Simple to use
5,"June 20, 2018", I loved it
3,"June 22, 2018", Good ap
5,"June 22, 2018", Great app
5,"June 25, 2018", good nice
4,"June 27, 2018", Good app
5,"June 27, 2018", Good app
4,"June 28, 2018", Good technology
5,"June 26, 2018", this game awesome
5,"June 28, 2018", Nice app
5,"June 30, 2018", Nice app
5,"June 29, 2018", Easy to understand
5,"June 30, 2018", Great app
5,"June 29, 2018", Good luck
5,"June 30, 2018", Very good
5,"July 1, 2018", Simple life
5,"July 4, 2018", Good app
4,"July 2, 2018", Fantastic appn
5,"July 5, 2018", Great an clean
5,"July 5, 2018", Very usefull
5,"July 5, 2018", Very good
5,"July 6, 2018", I love it
5,"July 8, 2018", You rock
5,"July 9, 2018", Cool app
5,"July 13, 2018", Very helpful
5,"July 18, 2018", It good
4,"July 22, 2018", Great conversation
5,"July 21, 2018", I love it
5,"July 23, 2018", Great App
4,"July 25, 2018", Useful app
1,"July 25, 2018", VerY Nice
4,"July 25, 2018", Very nice
1,"June 25, 2018", Bad
5,"July 12, 2018", Goof
1,"July 23, 2018", Useless
4,"June 20, 2018", no i don't know...--...
5,"July 16, 2018", üòÇüòÇüòÇüòéüòéüòéüòéüòé
5,"July 18, 2018", Thank U *****
5,"June 6, 2018", üëçüíØüíØüíØ
5,"July 1, 2018", Love it
5,"July 10, 2018", üëç Good Good Good
5,"July 16, 2018", Great...good...
5,"July 7, 2018", Nice aapüôãüôãüôãüôãüòÑüòÑüòÑüòÑ
5,"June 27, 2018", Love it
5,"May 13, 2018", Love it
5,"May 10, 2018", Excellent
4,"May 15, 2018", Good
5,"May 16, 2018", Good
5,"May 16, 2018", Cool
5,"May 15, 2018", Great
5,"May 16, 2018", Nice
5,"June 20, 2018", Awesome
5,"May 20, 2018", Cute
5,"May 21, 2018", Love it
4,"May 20, 2018", Good
5,"May 20, 2018", Love it
5,"May 20, 2018", Great
5,"May 25, 2018", Good
5,"May 25, 2018", awesome
5,"May 27, 2018", Love this
5,"May 26, 2018", Awesome
5,"May 28, 2018", Good
5,"May 27, 2018", Great
5,"May 27, 2018", Good
5,"May 29, 2018", Love it
5,"May 31, 2018", Good
5,"May 31, 2018", Luv it
5,"June 1, 2018", Helpful
5,"June 2, 2018", Good
4,"June 2, 2018", Good
4,"June 2, 2018", Good
5,"June 4, 2018", Love it
5,"June 4, 2018", Nice
5,"June 6, 2018", Great
5,"June 8, 2018", Wonderful
5,"June 6, 2018", Cool
5,"June 6, 2018", Awesome
5,"June 7, 2018", Fantastic
5,"June 6, 2018", Good
5,"June 7, 2018", Love it
5,"June 8, 2018", Awesome
5,"June 14, 2018", Great
5,"June 12, 2018", Love it
5,"June 16, 2018", good
5,"June 17, 2018", Great
4,"June 18, 2018", Nice
5,"June 18, 2018", Cool
5,"June 19, 2018", Luvly
5,"June 22, 2018", Great
5,"June 22, 2018", good
4,"June 25, 2018", Great
5,"June 26, 2018", Good
5,"June 25, 2018", Awesome
5,"June 27, 2018", Fun
5,"June 27, 2018", Awesome
5,"June 26, 2018", Love it
3,"June 27, 2018", Nice
5,"June 27, 2018", Love it
5,"June 29, 2018", Love it
5,"July 1, 2018", Best
5,"June 30, 2018", Good
5,"June 29, 2018", Great
5,"June 30, 2018", great
5,"July 5, 2018", Love it
5,"July 3, 2018", Superb
4,"July 6, 2018", Greater
5,"July 3, 2018", Cool
5,"July 3, 2018", Fun
5,"July 2, 2018", Decent
3,"July 7, 2018", Good
5,"July 8, 2018", Good
4,"July 8, 2018", Nice
5,"July 8, 2018", Awesome
4,"July 9, 2018", Nice
5,"July 9, 2018", nice
3,"July 16, 2018", Fine
5,"July 15, 2018", Cool
5,"July 14, 2018", Cool
5,"July 14, 2018", GOOD
5,"July 11, 2018", Cool
5,"July 14, 2018", Good
5,"July 12, 2018", Great
5,"July 13, 2018", Great
5,"July 13, 2018", love it
5,"July 17, 2018", Awsome
5,"July 19, 2018", Enjoying
5,"July 20, 2018", Love it
5,"July 25, 2018", Amazing
5,"July 24, 2018", Cool
5,"July 25, 2018", Good
5,"July 2, 2018", Nice....
5,"April 30, 2018"," I'm just at the first stages of using this app so I don't know yet if is 
going to be for my needs or not. So far is working good."
1,"May 7, 2018"," You have adds in-between every post I send.,. Every conversation I get the 
( junk mail) between every time I hit 'srnd"" to someone during a 
conversation and can not stop it.About to delete program."
1,"May 4, 2018"," As soon as I downloaded it, ads popped up all over the place. I can't stand 
ads and this app put me over the edge with them!"
1,"May 6, 2018"," Please update your product again . I can't send messages my messages do not 
show up in my conversation lists . please fix the product now please fix 
your app I go to send message in my quick reply it doesn't go threw and it 
does show in my quick reply or conversation lists."
1,"May 3, 2018"," Useless.... Never retains settings... Don't need a news feed on my message 
app... Doesn't recognize contact icons... Says contact doesn't exist... 
More trouble then it's worth... Should get my money back."
5,"May 3, 2018"," This is the best app ever but there is one little thing that you need to 
fix and that is taking the add out of who I'm texting to its so annoying. I 
hope you can fix that. Thank you. üòä"
5,"May 4, 2018", Ask latter I'm not that good with phones and haven' t tried ever thing yet.
1,"May 2, 2018", Piece of garbage that intrudes like a malware App. Do not install it
3,"May 3, 2018"," Don't appreciate the ads. Will continue to explore more of it, thanks."
5,"May 8, 2018", I'm new to this so I haven't got a report on this as of now.
5,"May 21, 2018"," I love the the little stickers and all the other little things to make ur 
phone stylish."
5,"April 28, 2018"," I like it because when you toe it feels good and I just have to text my 
boyfriend and so what I go on this app. Love it is some with me"
1,"May 3, 2018", SICK AND TIRED OF THE ADS
4,"May 6, 2018"," Very Good App I Like this, It's very useful.. Help full Try it for free Sms 
to any where"
5,"June 11, 2018"," cool app I like even though it need an update in short period of time but 
all in all its good neh"
4,"April 27, 2018", Schedule won't work though.
4,"May 8, 2018", I can't receive or send pictures other than that its been ok so far
5,"May 6, 2018"," It's really great and easy to use been looking for a app like this for 
awhile thanks guys and gals try it"
1,"May 4, 2018", Still don't know how it work
5,"May 5, 2018"," This is a great app. Nice to be able to customize and manage texts in a 
beautiful way. But there are too many ads."
5,"May 6, 2018"," The design of each picture are gorgeous and just makes your text messageing 
alot nicer and brighter and fun"
2,"April 28, 2018"," I can send and upload pictures, but I can't receive or download photos from 
anyone."
5,"April 28, 2018"," Nice, still there is no problem with this app. A good substitute to inbuilt 
msg application. üëç"
5,"May 11, 2018", I like it because it's much more privet than any of the others.Thank You.
2,"May 8, 2018", Not compatible with Android 7
4,"May 8, 2018"," Could use customizable notification sounds and LED colors for each person 
as is found on other messaging apps"
2,"May 10, 2018", I don't like it cause it's like messenger I like the region text messeging
5,"April 30, 2018", I personelly dont have time for bull!
5,"May 8, 2018", This is everything all rolled into one.
5,"May 5, 2018", I m think App it a pupolor
5,"May 3, 2018", Not yet. Need to use more
1,"May 6, 2018", Very controlling. And too many ads.
3,"May 6, 2018", I really liked the app a lot but I won't deal with all of the ads
5,"May 8, 2018"," Very handy, great app with great functions. Wish could have less ads."
5,"May 3, 2018"," I'm new to this, time will tell!"
5,"April 30, 2018", Hope to get what im looking for.
5,"May 9, 2018"," Its nice, cool and different but very easy to use and I like it its 
neat!!!!!"
2,"May 1, 2018", I don't want the adverts on it.
5,"May 7, 2018", I can't send messages
5,"May 6, 2018", New to me checking it out
5,"May 4, 2018", I like it alot
5,"April 29, 2018", This app is really good but I don't like the ads
2,"May 2, 2018", Messenger is this bad!
4,"April 30, 2018", Suits this internet granny.
3,"May 3, 2018", Wasn't what I asked about
5,"May 6, 2018", It's nice but not cool
5,"May 10, 2018", Messenger!0k
5,"May 2, 2018", It works for me.
5,"May 5, 2018", IMPROVEMENT! THANKS
5,"May 1, 2018", Has a lot of ads but it is really good and every useful
5,"May 11, 2018", To many ads.
5,"May 2, 2018", Its working well
5,"May 2, 2018", Its so good and nice to use thos app
5,"May 7, 2018", I'm okayvwith it
5,"May 9, 2018", I think these apps are cool and funny!
5,"May 6, 2018", I need the help total control of it I need to have total control over
5,"May 2, 2018", This app make it easy to communicate with others.
5,"May 2, 2018", My first time I think it's beautiful
5,"April 29, 2018", I like it.
5,"April 29, 2018", Useful and very well thought out application
5,"May 1, 2018", Nice app so cute I love it
3,"May 2, 2018", There are many ads but I love it
5,"May 11, 2018", It was so good and I like this app
4,"May 5, 2018", Ive had no problems and that's great
3,"May 10, 2018", It's ok
5,"May 4, 2018", It is so easy to use and very easy to customize!!!!
5,"April 29, 2018", Uilike the app because it is easy to use
4,"May 5, 2018", I just installed it...will know later
5,"May 4, 2018", Great way to stay in touch!
5,"May 1, 2018", Hamdi muhumed
5,"May 1, 2018", Like the apt
5,"May 6, 2018", Just because
4,"May 8, 2018", Its ok
3,"May 28, 2018", Its okay
5,"May 5, 2018", I love the app is so so good
3,"June 16, 2018", Dont deee the iconos......
1,"May 1, 2018", I hate it
5,"May 6, 2018", Its perfect and working well.
5,"May 8, 2018", I'm very happy with this app
5,"May 4, 2018", Easy. No glitches!
5,"April 29, 2018", Very good so far
5,"May 2, 2018", A very good app
4,"May 5, 2018", Like the way the information is displayed
4,"May 8, 2018", The app is good enough
4,"May 9, 2018", Its awsome. Love it
5,"April 29, 2018", I think it's good
5,"May 1, 2018", Its a cool app.
5,"May 1, 2018", You are Great!
5,"April 27, 2018", so much potential
5,"April 29, 2018", I love this app
5,"April 28, 2018", Its more convenient
5,"April 30, 2018", Great on my pad
5,"May 1, 2018", Love it so far
5,"May 2, 2018", Great job mate
3,"May 6, 2018", It looks good
5,"May 7, 2018", I love this ad
5,"May 19, 2018", It is a good app
5,"July 18, 2018", Loved it very much
5,"April 30, 2018", Cool and awesome !!!
4,"May 5, 2018", ok
5,"May 5, 2018", Ok
5,"May 1, 2018", I love it that all....
5,"May 3, 2018", It's perfect
5,"May 4, 2018", Good so far...
5,"May 10, 2018", It's good
4,"May 1, 2018", üòÅüòÅüòÅ
5,"May 1, 2018", Its awesome...
5,"April 28, 2018", Awesome work
5,"May 1, 2018", Its great
5,"May 2, 2018", Useful app
5,"May 2, 2018", Love this app
5,"May 5, 2018", Great stuff
5,"May 6, 2018", I love it
5,"May 6, 2018", Very good
5,"May 11, 2018", I love it
5,"May 12, 2018", Nice one
4,"May 9, 2018", It is good
4,"May 21, 2018", Easy to use
1,"May 28, 2018", DJ honey
2,"May 7, 2018", Hate it
5,"April 30, 2018", Far Out..‚ù§üíöüñ§
5,"May 5, 2018", Cool.
5,"April 30, 2018", Fantastic
5,"April 26, 2018", Excellent
5,"April 28, 2018", Love it
5,"April 29, 2018", Awesome
5,"April 28, 2018", Love it
4,"April 29, 2018", Good
5,"April 29, 2018", Awesome
5,"April 27, 2018", Love it
3,"April 29, 2018", Kool
5,"April 30, 2018", Excellent
5,"May 1, 2018", Love it
5,"May 1, 2018", Love it
5,"May 2, 2018", Awesome
5,"May 6, 2018", Fun
5,"May 6, 2018", Awesome
5,"May 7, 2018", AWESOME
5,"May 16, 2018", Love
5,"June 26, 2018", Great
1,"April 5, 2018"," Can't use my own notifications, can't personalise contacts notifications. Rubbish! Going back to mood.. Even go sms was better than this.. Had high hopes but it was awful and the ads... Uninstalled within minutes"
1,"March 20, 2018", I have sent a review and an email asking someone for help. I am not able to use this application and want to go back to the regular phone text messages with sending all my messages back to my SIM card. I am going through a lot as it is in my life and need my messages for court. I really need someone...Full ReviewI have sent a review and an email asking someone for help. I am not able to use this application and want to go back to the regular phone text messages with sending all my messages back to my SIM card. I am going through a lot as it is in my life and need my messages for court. I really need someone to contact me and help me.
5,"March 9, 2018", Every single theme says not available after I paid for the stupid pro version‚Ä¶ waste of money.   Download one that works!!!  If they start to work I'll change my rating!!
5,"April 18, 2018"," Good messenger app with 10 million downloads. I tried so many messenger 
apps and never got a good one. This is the one I feel okay and agree to pay 
the fee for Pro version. Great job, man.!"
1,"April 1, 2018", It looks pretty but I HATE THE ADS! & it sends out to my contacts fake messages. PLEASE FIX THAT! Im un installing it maybe next time i cheak its fixed & i can actually enjoy it.
3,"March 21, 2018", I have used this app for a very long time.I used to love it but not so much anymore.It keeps forcing close. Thats the only issue I have. If y'all can fix it.I'll rate this app five stars
1,"April 8, 2018", Great app if you want to be spammed to death with pop-up ads. No one wants to see continous  interstitial ads pop up while they are corresponding with their contacts. I uninstalled the app after just a few minutes. Too bad..it would be a great app otherwise.
3,"April 8, 2018"," I am electronically challenged and have a very short memory. Thus, would like more as you go instructions."
4,"March 16, 2018"," It's a nice app but why do I have to install other theme before it can be used , can't it be like a in app install? Seriously those theme are using up all my storage."
5,"March 30, 2018"," I am still learning the many features of this app. So far i like alot. However, some of the sms themes that i would like to use,  are actually keyboard themes. Not sure how to access the sms theme."
1,"February 2, 2018", Seriously.  It's one thing to have ads in the app but then you take over my home screen.  Forget it.  Textra is way better and no stupid adds.  I am glad I did not pay for the pro version
1,"February 21, 2018"," I'm only writing this review because I felt obligated to do so. I just installed this app a few days ago since my default sms is on the fritz. I understand there are going to be a lot of ads etc. However, it tried to take over other functions of my phone. Such as lock screen settings. I was asked to...Full ReviewI'm only writing this review because I felt obligated to do so. I just installed this app a few days ago since my default sms is on the fritz. I understand there are going to be a lot of ads etc. However, it tried to take over other functions of my phone. Such as lock screen settings. I was asked to review the app and I selected to do so later. Immediately after rejecting to review/rate the app I am being bombarded with ""failed message"" notifications to messages that do not exist. For this very reason I selected to have notifications for every message delivered. This continues to happen. I just haven't deleted the app because I need to use my sms until I find a better app."
3,"March 22, 2018"," App is ok, Fed up wiv all da ads..... If they weren't as frequent it wud b gud......"
3,"February 21, 2018", Way too many ads.... Jeez even opening up a message creates an ad.
5,"March 3, 2018", There's a lot of men faking they are Facebook Friends. Who are Beautiful Woman. Just wanting fraudulent money
5,"March 6, 2018", I really like this app and you should download it. Because it let's you choose your emoji selection and also it has gifs and all kinds of cool things all you have to do is enter an email. And if you accidentally delete one of your messages you can backup it and restore it. You can also change your b...Full ReviewI really like this app and you should download it. Because it let's you choose your emoji selection and also it has gifs and all kinds of cool things all you have to do is enter an email. And if you accidentally delete one of your messages you can backup it and restore it. You can also change your bubble color which is really cool and it has really fancy keyboards. I really recommend it + it's free ( best part ) all you need is Internet ‚ò∫üëçüëåüëã
4,"February 6, 2018"," It dies the job. The adverts are a little intrusive but, I imagine necessary. I would like it better if it would also include gifts."
1,"February 4, 2018", Just paid to get the upgraded version so it would be ad free and I cannot get rid of a notification of 'messages not sent'. Very frustrating.
4,"March 30, 2018"," My phone Has BN on a slowly Cept Very Surely Decline, I haven't bn able 2text in bout 2weekz. AN W/THIS app I was Finially Able 2text My Daughter, U know Teen's ALWAYZ want 2tex, AN Needless 2say I haven't bn able 2 @All..,BN Up That Creek W/OUT A Paddle. Smh, AN all 3major cell Companies Told Me AT...Full ReviewMy phone Has BN on a slowly Cept Very Surely Decline, I haven't bn able 2text in bout 2weekz. AN W/THIS app I was Finially Able 2text My Daughter, U know Teen's ALWAYZ want 2tex, AN Needless 2say I haven't bn able 2 @All..,BN Up That Creek W/OUT A Paddle. Smh, AN all 3major cell Companies Told Me AT&T was the best 4 my area. Ummm, Sure R Right If I didnt Use My Phone. Seeing as I'm only in my late 30'z I AM PAST Just Having Thi√±gs 2say I havem. So I TY U ALL 4Having this App Created. ""TY ALL VERY MUCH, SO  MUCH HONESTLY"""
5,"March 11, 2018", So far great.... A question for you does it delete the messages that were already written before you block them from texting you....?
4,"April 2, 2018"," At first I didn't know that much.  After exploring the app for a while,  I think I figured it out."
5,"February 13, 2018", I really like this app it does what other apps do and its way like my friends could understand what I'm saying when I'm like in a hurry I just type it a little similar to the word I actually mean and it would actually put the word I'm thinking of I just love this app I give it a five star and lots o...Full ReviewI really like this app it does what other apps do and its way like my friends could understand what I'm saying when I'm like in a hurry I just type it a little similar to the word I actually mean and it would actually put the word I'm thinking of I just love this app I give it a five star and lots of thumbs up!
3,"February 10, 2018", Way to many ads!!!!!! It would be a lot better without the ads and I shouldnt have to pay to get the updated version where there are no ads
5,"April 3, 2018"," Thank god you got back to what is normal. I really didn't like what youd done to the app. Thanks for going back!!!!!!!! You guys rock! Keep up the good work you do, so well!!!!"
2,"March 1, 2018", This needs to be fixed and inproved nothing works right on it themes is a complete mess too this needs a lot of work purchased full version still add what wrong with these people
1,"March 3, 2018"," I'm missing messages, some of them are coming in and some are not. And if I uninstall the app my entire message history goes with it.. There is no way to get my messages to show in the texting message app on my phone. If I ever get a way to export my message to the original app on my phone I will un...Full ReviewI'm missing messages, some of them are coming in and some are not. And if I uninstall the app my entire message history goes with it.. There is no way to get my messages to show in the texting message app on my phone. If I ever get a way to export my message to the original app on my phone I will uninstall. Frustrating and very inconvenient"
5,"March 10, 2018", I'm having trouble with Sprint.my phone won't open pictures. It come as a icon and when i tap to download it just spins till the battery is dead. I'm switching carriers on Monday will install on my new phone.
2,"March 31, 2018"," I downloaded app for its' auto reply feature. Everytime I turn it on, however, my phone starts vibrating as if I'm receiving hundreds of messages. I've left it on for 5 minutes and it still vibrates. Also, all memory on phone is being used."
2,"February 13, 2018", I used it for a total of 5 minutes before my phone was overwhelmed with pop-ups and ads. That's just not for me. Guess I'll stick to the free messaging that was on my phone
3,"February 16, 2018"," I am not able to send pictures? Every time I try I just get a msg that says ""cannot sent message now, too many unsent MMS messages."""
1,"April 20, 2018"," Pointless app without all wonderful themes. Unfortunately an avalanche of 
ads after installation of themes. Could not even see my own texts. Again 
fail! I am uninstalling. üò°üò¢üò≠"
2,"April 7, 2018"," Cannot see names in mms Msgs, cannot copy text to clipboard. Bought premium 
and it has signature for messages but little else. Sent Msgs to support, no 
response."
1,"April 13, 2018"," I do not want news feeds or advertising. I have the paid for version. I 
cannot turn off the top stories. it has an irritating pop up when finishing 
calls. Overall a disappointing experience."
1,"March 21, 2018", This App Is Stupid And Everyone Who Has It Should Delete Because It Does Not Let You Do Nothing!
2,"February 10, 2018", Only one sim msgs can be sent if in 1st sim msgs gets cmpltd then v cn use 2nd sim msgs but here it ud highly impossible
4,"February 7, 2018", I really like how you can change the theme and that I can combine all my messages in one...but there is too many add. I recently uninstalled the Facebook messenger for this messenger which I didn't get adds st all. So you get 4 stars for now.
3,"February 22, 2018"," Do you read your reviews? First being, how many reviews stated that they were deleting cuz of adds? Bad choice guy. If less adds equals continued customer and more choice to entice customer to pro then you still have that customer. But you don't have that choice once they delete app. Its strange you...Full ReviewDo you read your reviews? First being, how many reviews stated that they were deleting cuz of adds? Bad choice guy. If less adds equals continued customer and more choice to entice customer to pro then you still have that customer. But you don't have that choice once they delete app. Its strange you want to make your money from add customers and not cuz of a quality product when you indeed have such. That's called greedy and not proud of your product. Don't be greedy and in time Your product will stand on its own with lots of customers and less adds. Number two issue is I have to stop to let the texting catch up. And I'm not even the fastest typer. Its very frustrating. If I'm excited or even angry and therefore passionate about what I'm texting to someone, I don't want to have to stop...wait...for...the...words...I...text...to...catch...up...get it? Number three, when I choose a theme, should it not over ride any background pic I formerly decided to choose? The theme pops up on the keyboard and the boarder of background wallpaper behind the messages but the pic I had chosen as my wallpaper prior to the theme remains. It looks choppy as they are nowhere close to being anything of the same topic. If I can't get this resolved I will not keep app as I'm all about the visuals. Last but not least, when I'm composing a msg, the keyboard stays on top of the msg. I cannot see what I'm typing. Why? I'm a terrible typed and must review what I'm composing. I shouldn't have to minimize the keyboard to do this. I have never had to do so until I added your app."
1,"March 12, 2018", I dont like getting l key board and in  order to get it i have to take messenger which i do want in my phone
5,"March 28, 2018"," I like this sms app, but wish there was a way you can see time, you do have time but some time after a few texts I like to see the time some on fb you can just down and it shows you the time of day but not with this sms messages. But I give you 5 stars 03/28/18"
3,"April 14, 2018"," It's OK but I hate these annoying ads... that's the only reason that will 
me to uninstall this app. How can I get rid of these ads??"
4,"February 20, 2018", Love it just haven't had time to figure it out yet all the way. I'm using a tablet and I'm hoping to use it like a text app because my tablet has service
2,"April 6, 2018"," The application force closes frequently and is very slow opening and sending messages. The annoying ads each time I open the app to read or send a text is enough to offset any benefits. You can't apply a theme because instead of showing SMS themes, I'm forced to look at keyboard themes before I can ...Full ReviewThe application force closes frequently and is very slow opening and sending messages. The annoying ads each time I open the app to read or send a text is enough to offset any benefits. You can't apply a theme because instead of showing SMS themes, I'm forced to look at keyboard themes before I can install SMS themes. Honestly, it takes 3 times as long to send messages just be cause of the ads prior to opening g the application. Pathetic"
4,"February 8, 2018", Great for seeing everything together. BUT... I DON'T LIKE THAT IT ABSORBS EVERYTHING IN YOUR PHONE! And KEEPS! Might delete. There are too many data sniffers now!
3,"March 24, 2018"," I feel as tough my highly sensitive msg's, files, personalizations, & very valuable pics were highjacked without a simple 1-2-3 option of clearance before giving the right to ALL my info, inn fact my blackberry went into ""guest mode"" as if it were stolen...which is nothing new; so I choose to stop t...Full ReviewI feel as tough my highly sensitive msg's, files, personalizations, & very valuable pics were highjacked without a simple 1-2-3 option of clearance before giving the right to ALL my info, inn fact my blackberry went into ""guest mode"" as if it were stolen...which is nothing new; so I choose to stop the app. I do like where the options if u could choose them instead of once clicked on there's NO going back. Which makes this app scary when a trying to protect info, etc. Now I am stuck fixing your mess by re-arranging ALL, protecting All, maybe just getting All new device. What appealed to me at first: the screen lock that appears as fire that you're able to ""graphically zip up"" to hide where I left off. Don't get me wrong, but maybe start with simple apps, but have those ""EVERYTHING in ONE that takes over the default of a device (scary) to ones like me...still available for when I'd definitely be made ready for your app. Good work, just a little overwhelming as the first step. Keep up the color!!"
1,"April 2, 2018", Spent .99 cents & still doesn't work. Keep getting error messages aren't being sent. I've uninstalled & reinstalled & still get same error.
3,"April 6, 2018", I paid for the pro but none of the stickers are there or anything else very disappointing with thisapp.... is there someone to contact?
1,"February 8, 2018", Horrible ! paid for the pro and no picture messages come through and the annoying failed messages continues to display.
5,"March 9, 2018", I really like this app is better than SMS when I try to use SMS and I've used it for years now it messes up my phone does something to my phone so I appreciate this messaging yet appreciate this messaging app
5,"February 21, 2018"," Yes I like the new bring-your-own-device program to SafeLink and I went by Mom Android and yes I'm learning everything and if I don't get it right, let you know and that app"
1,"April 29, 2018"," Forces you to set it as your default SMS app before you can even see what 
it's like... shameful."
3,"January 26, 2018", Can do without the hoops to get into using the app..can also do without the inflated amount of apps
1,"April 21, 2018"," I am furious at having texts blocked and this app imposed on me. I do not 
want to use it."
5,"January 26, 2018", One of the best apps I've come across that doesn't have to many ads and works like it's supposed to unlike almost all the other apps I've downloaded that I get so frustrated with I uninstall it immediately
4,"April 28, 2018"," It is a little bit confusing at first, but if you have time to sit down and 
check out the different options for the app I believe that it's going to be 
easier to use as time goes on."
5,"April 28, 2018"," It is good for me to do a nove and you are not good i have got a lot of the 
time to get yellow of o f or something"
1,"March 6, 2018", I hate the adds and i keep bumping into it when im just trying to leave a msg. I hate it
4,"April 22, 2018"," The ""1"", on logo is misleading. App does not show unread / new messages"
5,"March 26, 2018", I like the way it pop up on my screen complimenting the gold Sony I use... My friends think is the normal app for my phone and they think my phone came with great features
5,"January 31, 2018", I like this app alot. the only thing missing us the suggested spelling of words.
3,"April 3, 2018", I went pro version I was wondering how do I stop the news texts stop flashing up
3,"March 5, 2018"," I am not really that talkative, but it is nice to talk with family."
5,"January 31, 2018", I hear everything from the people that get to creeping and texting in water carwash . able to keep this and make you believe five star application
3,"March 20, 2018", I don't know about others but it freezes on my phone alot.
3,"January 25, 2018", A good app..  But a bit slow on my phone.
3,"March 21, 2018", Way to many adds pop up in the texting.  It's annoying
4,"April 22, 2018", I just added and I haven't had a chance to see what it's all about
3,"April 8, 2018", Shows 5 messages notification even when my box is empty.
5,"April 23, 2018", No matter how old you are this is a very easy app to use.
3,"March 21, 2018", I luv it but the only thing is is that.... u have to pay for the background and emojis‚ô•
5,"March 3, 2018", A very nice app. You can change the background and have the keyboard to match it you can also do colors change the font and also change the color of the font user-friendly very nice thank you
3,"February 28, 2018", Needs fixing it works then it stopped working needs improvement
1,"January 22, 2018", Messages stuck on sending for 5 minutes. Not happy
3,"April 13, 2018", I have installed messenger and it won't let me pick up messages on Facebook because it says to install the app again and it still doesn't work
5,"March 27, 2018"," I can't say much more than , I Loved it."
5,"March 5, 2018", Modify call blocker....a call has to be failing when added to black list
5,"March 25, 2018", DI LIKE IT BUT I HAVE TO uninstall it c\usesending ...Than* u so much but it needs work...  God bless y'all
3,"April 10, 2018", Guess  you  deserve  more  than  a  three   just  got  the  app  so  I  may  come  back  give  you  a  five
3,"January 22, 2018", Its Ben taking forever to send my message told me upgrade to pro for add free I did still tons of adds ..so what did I pay for???
5,"April 28, 2018", Have a lot of hackers on this getting out of hand.
5,"April 13, 2018"," Love the app but too many adds. Keep it simple. Does work great and you can 
respond to a message from the screen without opening app"
2,"April 8, 2018", It hacks your phone don't get it
3,"April 7, 2018", I really don't understand how it works.üôÑ
3,"April 4, 2018", It intrudes with popups at unwanted times with ads..
3,"February 2, 2018", Wondering if I have 2 accounts
5,"February 18, 2018"," I just recently had delete Facebook ,but I would love to have it back so I can use my messages and messager."
1,"April 21, 2018", I never get anything for me here
4,"January 27, 2018", Would have been a five star but way too many ads other than that great app...
5,"March 25, 2018", I THINK IS PERFECT I HAD THE APP BEFORE BUT IT DISAPPEAR WITHOUT WARNING.I EANT IT BACK.
5,"April 11, 2018", Well I think this App is so easy it looks scary looking this App does every thing I will need.
4,"February 12, 2018", You guys are great keed up tha good work can i get a month free on my phone bill whatchaa thank
5,"February 20, 2018", Tell FB they could create one app no need to send email message and notification jamming up my phone
2,"April 1, 2018", Currently can't send msgs.... It will be send when the service becomes available..... Whenever I try to send msg this notification shows on my keyboard üò†üò†
5,"April 13, 2018"," What can i say? Its simply... Wonderful.. Please do not neglect us,, 
waiting to see more updates.. Its goodüòç"
5,"April 19, 2018", I'm not sure if this works.
1,"March 26, 2018", I am sick of seeing ads
4,"February 22, 2018"," This is all so new to me, but I love being able to keep in touch with my family and friends."
2,"February 23, 2018", This was a waste of time it doesn't download my pictures this is not cool
4,"March 22, 2018", It need faster connection when I hit a name it should connect just like that but it takes a while to pop in the page
1,"April 14, 2018", 2 many ads please fix.
5,"March 3, 2018"," Can't  think  of  anything  right  now , just  going  to  continue  to  use the   app and  see  how  well  I  like  it ."
5,"March 31, 2018", Omg I love this app I can't even talk this app is so amazing I am shure u will love it too try it out :)
4,"March 19, 2018", I love it but hid my private box and can't find it now...Where did it go? I need it back
3,"March 31, 2018", I liked this app the best until i tried to send and receive pictures. Its the only text app that wont do it. I have to uninstall
5,"April 20, 2018"," Easy to use, clean layout, efficient management of contacts and messages. 
It works and doesn't p*ss me off."
5,"March 23, 2018"," So far no problems, my previous messaging app repeated the same messages."
3,"February 28, 2018", It is very slow but ok
5,"March 4, 2018", it wont let me sent invites
3,"March 20, 2018", Took a long time to get it downloaded
1,"March 31, 2018", I hate  this  thing  stopped  stuff
1,"April 7, 2018", Haven't a clue how to read messanger
2,"April 20, 2018", It hangs every single time
5,"March 8, 2018", I love it...I'm sure Privacy is so impt. Thanks a lot this kind of ad. Keep up the Good work!
5,"March 20, 2018"," U it's pretty easy to use and pretty easy to succumb to lazy writing, BUT I love this app."
1,"February 15, 2018", It's not working with my phone and you set hard procedure before you access this theme.
4,"February 14, 2018"," So far it great I like big print, emoji selection, just have to work on placement of delete button"
4,"March 8, 2018", No ads and we are GOOOOOD.
1,"April 7, 2018", Too many crappy commercials.
2,"March 18, 2018", Paid for add free and still has a n add deleted it.. don't want adds I paid not to have
5,"April 14, 2018", I find a super app it helps me to save and sync my SMS on my Google drive
4,"May 10, 2018", These apps not useful.
5,"January 30, 2018", this is nice so far the colored symbols are  good my phone only allowed  non color emoji and  symbols  before.
1,"March 25, 2018", Very unstable I don't know why you got such great reviews
5,"May 1, 2018"," I think it's great to expand and grow technology in order to help out! This 
seems awesome."
5,"March 15, 2018", I like to express myself Without words sometimes so I think it's Cool
3,"April 1, 2018", Its OK..but sometimes freezes ..
3,"April 5, 2018", I like it but it made me resend it too much but other than that I like it I like to text my grandma my mom my big brother
4,"March 28, 2018"," Not perfect, but so much better than the app that came with my phone!!!"
1,"February 23, 2018", Can't send gifs or use the stickers other then that I like this app
5,"February 25, 2018", This is a great site and I will tell all my friends as well as family thank you .
1,"March 17, 2018", This app sucks because it doesnt even send your messeges
1,"February 11, 2018", How do you add photo on besides when you text message each other
5,"March 6, 2018"," Is going and nice, but you need to add it gold wallpaper and gold screen lock wallpaper as well, thank you."
1,"April 23, 2018", Really don't think you want to hear about what I would say!
3,"January 29, 2018", Too many ads and they are even in my messages.  Whats up with that
1,"March 18, 2018", Not interested at this time z
1,"March 22, 2018", Not supports screen rotation
4,"April 1, 2018", Too complicated for verizon costumer
5,"April 16, 2018", Confused ready for bed scared
2,"April 26, 2018", Way too many ads
5,"February 24, 2018", It's all about technolgy..  keep it up AND YOU WILL ALWAYS HAVE A CUSTOMER ..SUPER
5,"March 9, 2018", Its nice except when it hangs which it has once
5,"March 19, 2018"," Hi ' thank you for this app, it has wonderful features, still learning about it, but all in all very nice"
3,"April 7, 2018", Going to give a try lets see i will change my rate if its worthyüíØ
3,"March 20, 2018", I don't like messages and messager trying to link together
4,"March 29, 2018", I miss talking to my sister on messenger I pray with this app I can
5,"April 1, 2018", I had messenger before! I like it! I'm putting it on my tablet thanks
5,"March 2, 2018", It's could have where you can add ur picture
5,"February 16, 2018", It is amazing I don't have to stop what I'm doing to go to  different apps
1,"February 28, 2018", i cant see the msgüò§
5,"January 27, 2018", I think this app is the bomd  u should get it
2,"April 29, 2018"," To many, ad's, running to much data used ,need other app"
1,"May 2, 2018", This put ads on my lock screen. Uninstalled!
5,"February 4, 2018", I like sending messages to my friends and family.
4,"February 11, 2018", Just started but so far so good. Probably gonna upgrade to get rid of adds.
3,"February 21, 2018", Paid full can u plz remove ads for me?
4,"March 13, 2018", I love  the app but it s so  confusing.
5,"March 18, 2018", I think this app should have video calling.
5,"April 13, 2018", Thanks for filling the void when I have questions!
5,"April 20, 2018", Got to try it first before I can comment.
1,"January 31, 2018", Ads in the middle if my conversation. No. No thank you.
5,"January 30, 2018", It's different I do like a lot of the fun background and of course the emoji stickers
4,"January 23, 2018", I can text  all my friends
4,"February 2, 2018", The app should have read receipts
5,"March 10, 2018", I need the PIN number to get in Kik
1,"April 12, 2018", Cannot turn sound notification off
5,"April 13, 2018", I want to use this app for every day
5,"April 18, 2018", Naipend san app hii coz ninzuri
5,"April 23, 2018", I like the improvements over the previous versions.
1,"April 20, 2018", I need it for it can actually text to people
5,"April 4, 2018", I've been using this for years and I'll never change it
3,"February 21, 2018", So many adds and I don't like that
4,"February 27, 2018", Toomany variables for me. At 85 i need simplicity.
3,"March 11, 2018", I can't send or receive pictures. I can't send to multi people
2,"January 28, 2018", Ads in my text message inbox? No thanks.
